This date, then the wip was;WIP;This date, then the baclog was;Backlog
Mon Jan 04 00:00:00 CET 2010;1;Fri Jan 01 00:00:00 CET 2010;1
Tue Jan 05 00:00:00 CET 2010;3;Mon Jan 04 00:00:00 CET 2010;9
Wed Jan 06 00:00:00 CET 2010;6;Tue Jan 05 00:00:00 CET 2010;18
Thu Jan 07 00:00:00 CET 2010;12;Wed Jan 06 00:00:00 CET 2010;26
Fri Jan 08 00:00:00 CET 2010;24;Thu Jan 07 00:00:00 CET 2010;30
Mon Jan 11 00:00:00 CET 2010;21;Fri Jan 08 00:00:00 CET 2010;42
Tue Jan 12 00:00:00 CET 2010;40;Mon Jan 11 00:00:00 CET 2010;40
Wed Jan 13 00:00:00 CET 2010;45;Tue Jan 12 00:00:00 CET 2010;42
Thu Jan 14 00:00:00 CET 2010;40;Wed Jan 13 00:00:00 CET 2010;25
Fri Jan 15 00:00:00 CET 2010;38;Thu Jan 14 00:00:00 CET 2010;23
Mon Jan 18 00:00:00 CET 2010;26;Fri Jan 15 00:00:00 CET 2010;26
Tue Jan 19 00:00:00 CET 2010;28;Mon Jan 18 00:00:00 CET 2010;27
Wed Jan 20 00:00:00 CET 2010;29;Tue Jan 19 00:00:00 CET 2010;32
Thu Jan 21 00:00:00 CET 2010;30;Wed Jan 20 00:00:00 CET 2010;39
Fri Jan 22 00:00:00 CET 2010;28;Thu Jan 21 00:00:00 CET 2010;39
Sun Jan 24 00:00:00 CET 2010;23;Fri Jan 22 00:00:00 CET 2010;43
Mon Jan 25 00:00:00 CET 2010;30;Sun Jan 24 00:00:00 CET 2010;43
Tue Jan 26 00:00:00 CET 2010;31;Mon Jan 25 00:00:00 CET 2010;51
Wed Jan 27 00:00:00 CET 2010;33;Tue Jan 26 00:00:00 CET 2010;56
Thu Jan 28 00:00:00 CET 2010;35;Wed Jan 27 00:00:00 CET 2010;66
Fri Jan 29 00:00:00 CET 2010;33;Thu Jan 28 00:00:00 CET 2010;65
Mon Feb 01 00:00:00 CET 2010;30;Fri Jan 29 00:00:00 CET 2010;67
Tue Feb 02 00:00:00 CET 2010;38;Mon Feb 01 00:00:00 CET 2010;64
Wed Feb 03 00:00:00 CET 2010;40;Tue Feb 02 00:00:00 CET 2010;80
Thu Feb 04 00:00:00 CET 2010;38;Wed Feb 03 00:00:00 CET 2010;86
Fri Feb 05 00:00:00 CET 2010;41;Thu Feb 04 00:00:00 CET 2010;86
Mon Feb 08 00:00:00 CET 2010;50;Fri Feb 05 00:00:00 CET 2010;84
Tue Feb 09 00:00:00 CET 2010;54;Mon Feb 08 00:00:00 CET 2010;85
Wed Feb 10 00:00:00 CET 2010;57;Tue Feb 09 00:00:00 CET 2010;82
Thu Feb 11 00:00:00 CET 2010;58;Wed Feb 10 00:00:00 CET 2010;77
Sat Feb 13 00:00:00 CET 2010;48;Thu Feb 11 00:00:00 CET 2010;89
Sun Feb 14 00:00:00 CET 2010;40;Fri Feb 12 00:00:00 CET 2010;84
Mon Feb 15 00:00:00 CET 2010;44;Sat Feb 13 00:00:00 CET 2010;85
Tue Feb 16 00:00:00 CET 2010;56;Sun Feb 14 00:00:00 CET 2010;85
Wed Feb 17 00:00:00 CET 2010;58;Mon Feb 15 00:00:00 CET 2010;89
Thu Feb 18 00:00:00 CET 2010;56;Tue Feb 16 00:00:00 CET 2010;88
Fri Feb 19 00:00:00 CET 2010;71;Wed Feb 17 00:00:00 CET 2010;88
Mon Feb 22 00:00:00 CET 2010;60;Thu Feb 18 00:00:00 CET 2010;87
Tue Feb 23 00:00:00 CET 2010;63;Fri Feb 19 00:00:00 CET 2010;87
Wed Feb 24 00:00:00 CET 2010;65;Mon Feb 22 00:00:00 CET 2010;76
Thu Feb 25 00:00:00 CET 2010;63;Tue Feb 23 00:00:00 CET 2010;88
Fri Feb 26 00:00:00 CET 2010;66;Wed Feb 24 00:00:00 CET 2010;94
Mon Mar 01 00:00:00 CET 2010;56;Thu Feb 25 00:00:00 CET 2010;91
Tue Mar 02 00:00:00 CET 2010;65;Fri Feb 26 00:00:00 CET 2010;94
Wed Mar 03 00:00:00 CET 2010;72;Sun Feb 28 00:00:00 CET 2010;86
Thu Mar 04 00:00:00 CET 2010;86;Mon Mar 01 00:00:00 CET 2010;100
Fri Mar 05 00:00:00 CET 2010;79;Tue Mar 02 00:00:00 CET 2010;115
Sat Mar 06 00:00:00 CET 2010;70;Wed Mar 03 00:00:00 CET 2010;119
Mon Mar 08 00:00:00 CET 2010;68;Thu Mar 04 00:00:00 CET 2010;123
Tue Mar 09 00:00:00 CET 2010;86;Fri Mar 05 00:00:00 CET 2010;110
Wed Mar 10 00:00:00 CET 2010;95;Sat Mar 06 00:00:00 CET 2010;105
Thu Mar 11 00:00:00 CET 2010;86;Mon Mar 08 00:00:00 CET 2010;108
Fri Mar 12 00:00:00 CET 2010;78;Tue Mar 09 00:00:00 CET 2010;111
Mon Mar 15 00:00:00 CET 2010;68;Wed Mar 10 00:00:00 CET 2010;104
Tue Mar 16 00:00:00 CET 2010;72;Thu Mar 11 00:00:00 CET 2010;100
Wed Mar 17 00:00:00 CET 2010;70;Fri Mar 12 00:00:00 CET 2010;101
Thu Mar 18 00:00:00 CET 2010;68;Mon Mar 15 00:00:00 CET 2010;106
Fri Mar 19 00:00:00 CET 2010;64;Tue Mar 16 00:00:00 CET 2010;101
Mon Mar 22 00:00:00 CET 2010;73;Wed Mar 17 00:00:00 CET 2010;115
Tue Mar 23 00:00:00 CET 2010;91;Thu Mar 18 00:00:00 CET 2010;112
Wed Mar 24 00:00:00 CET 2010;90;Fri Mar 19 00:00:00 CET 2010;116
Thu Mar 25 00:00:00 CET 2010;97;Mon Mar 22 00:00:00 CET 2010;124
Fri Mar 26 00:00:00 CET 2010;101;Tue Mar 23 00:00:00 CET 2010;125
Mon Mar 29 00:00:00 CEST 2010;91;Wed Mar 24 00:00:00 CET 2010;118
Wed Mar 31 00:00:00 CEST 2010;93;Thu Mar 25 00:00:00 CET 2010;118
Thu Apr 01 00:00:00 CEST 2010;92;Fri Mar 26 00:00:00 CET 2010;122
Mon Apr 05 00:00:00 CEST 2010;82;Mon Mar 29 00:00:00 CEST 2010;122
Tue Apr 06 00:00:00 CEST 2010;92;Tue Mar 30 00:00:00 CEST 2010;128
Wed Apr 07 00:00:00 CEST 2010;96;Wed Mar 31 00:00:00 CEST 2010;129
Thu Apr 08 00:00:00 CEST 2010;91;Thu Apr 01 00:00:00 CEST 2010;121
Fri Apr 09 00:00:00 CEST 2010;102;Mon Apr 05 00:00:00 CEST 2010;122
Mon Apr 12 00:00:00 CEST 2010;89;Tue Apr 06 00:00:00 CEST 2010;126
Tue Apr 13 00:00:00 CEST 2010;93;Wed Apr 07 00:00:00 CEST 2010;122
Wed Apr 14 00:00:00 CEST 2010;76;Thu Apr 08 00:00:00 CEST 2010;121
Thu Apr 15 00:00:00 CEST 2010;81;Fri Apr 09 00:00:00 CEST 2010;129
Fri Apr 16 00:00:00 CEST 2010;82;Mon Apr 12 00:00:00 CEST 2010;123
Mon Apr 19 00:00:00 CEST 2010;69;Tue Apr 13 00:00:00 CEST 2010;130
Tue Apr 20 00:00:00 CEST 2010;82;Wed Apr 14 00:00:00 CEST 2010;136
Wed Apr 21 00:00:00 CEST 2010;84;Thu Apr 15 00:00:00 CEST 2010;153
Thu Apr 22 00:00:00 CEST 2010;89;Fri Apr 16 00:00:00 CEST 2010;137
Fri Apr 23 00:00:00 CEST 2010;91;Mon Apr 19 00:00:00 CEST 2010;172
Mon Apr 26 00:00:00 CEST 2010;86;Tue Apr 20 00:00:00 CEST 2010;176
Tue Apr 27 00:00:00 CEST 2010;99;Wed Apr 21 00:00:00 CEST 2010;182
Wed Apr 28 00:00:00 CEST 2010;102;Thu Apr 22 00:00:00 CEST 2010;178
Thu Apr 29 00:00:00 CEST 2010;110;Fri Apr 23 00:00:00 CEST 2010;181
Fri Apr 30 00:00:00 CEST 2010;103;Mon Apr 26 00:00:00 CEST 2010;177
Sun May 02 00:00:00 CEST 2010;89;Tue Apr 27 00:00:00 CEST 2010;180
Mon May 03 00:00:00 CEST 2010;103;Wed Apr 28 00:00:00 CEST 2010;189
Tue May 04 00:00:00 CEST 2010;110;Thu Apr 29 00:00:00 CEST 2010;186
Wed May 05 00:00:00 CEST 2010;101;Fri Apr 30 00:00:00 CEST 2010;174
Thu May 06 00:00:00 CEST 2010;91;Sun May 02 00:00:00 CEST 2010;164
Fri May 07 00:00:00 CEST 2010;86;Mon May 03 00:00:00 CEST 2010;166
Mon May 10 00:00:00 CEST 2010;66;Tue May 04 00:00:00 CEST 2010;165
Tue May 11 00:00:00 CEST 2010;76;Wed May 05 00:00:00 CEST 2010;162
Wed May 12 00:00:00 CEST 2010;76;Thu May 06 00:00:00 CEST 2010;154
Fri May 14 00:00:00 CEST 2010;53;Fri May 07 00:00:00 CEST 2010;153
Mon May 17 00:00:00 CEST 2010;53;Mon May 10 00:00:00 CEST 2010;182
Tue May 18 00:00:00 CEST 2010;64;Tue May 11 00:00:00 CEST 2010;184
Wed May 19 00:00:00 CEST 2010;77;Wed May 12 00:00:00 CEST 2010;182
Thu May 20 00:00:00 CEST 2010;82;Thu May 13 00:00:00 CEST 2010;177
Fri May 21 00:00:00 CEST 2010;82;Fri May 14 00:00:00 CEST 2010;183
Mon May 24 00:00:00 CEST 2010;71;Tue May 18 00:00:00 CEST 2010;187
Tue May 25 00:00:00 CEST 2010;83;Wed May 19 00:00:00 CEST 2010;193
Wed May 26 00:00:00 CEST 2010;91;Thu May 20 00:00:00 CEST 2010;186
Thu May 27 00:00:00 CEST 2010;96;Fri May 21 00:00:00 CEST 2010;178
Fri May 28 00:00:00 CEST 2010;102;Tue May 25 00:00:00 CEST 2010;187
Mon May 31 00:00:00 CEST 2010;95;Wed May 26 00:00:00 CEST 2010;184
Tue Jun 01 00:00:00 CEST 2010;105;Thu May 27 00:00:00 CEST 2010;188
Wed Jun 02 00:00:00 CEST 2010;120;Fri May 28 00:00:00 CEST 2010;193
Thu Jun 03 00:00:00 CEST 2010;127;Mon May 31 00:00:00 CEST 2010;184
Fri Jun 04 00:00:00 CEST 2010;129;Tue Jun 01 00:00:00 CEST 2010;206
Sat Jun 05 00:00:00 CEST 2010;114;Wed Jun 02 00:00:00 CEST 2010;200
Mon Jun 07 00:00:00 CEST 2010;120;Thu Jun 03 00:00:00 CEST 2010;189
Tue Jun 08 00:00:00 CEST 2010;143;Fri Jun 04 00:00:00 CEST 2010;186
Wed Jun 09 00:00:00 CEST 2010;142;Mon Jun 07 00:00:00 CEST 2010;192
Thu Jun 10 00:00:00 CEST 2010;137;Tue Jun 08 00:00:00 CEST 2010;193
Fri Jun 11 00:00:00 CEST 2010;151;Wed Jun 09 00:00:00 CEST 2010;191
Sat Jun 12 00:00:00 CEST 2010;138;Thu Jun 10 00:00:00 CEST 2010;191
Mon Jun 14 00:00:00 CEST 2010;141;Fri Jun 11 00:00:00 CEST 2010;202
Tue Jun 15 00:00:00 CEST 2010;149;Sat Jun 12 00:00:00 CEST 2010;178
Wed Jun 16 00:00:00 CEST 2010;141;Mon Jun 14 00:00:00 CEST 2010;200
Thu Jun 17 00:00:00 CEST 2010;128;Tue Jun 15 00:00:00 CEST 2010;195
Fri Jun 18 00:00:00 CEST 2010;114;Wed Jun 16 00:00:00 CEST 2010;200
Sun Jun 20 00:00:00 CEST 2010;84;Thu Jun 17 00:00:00 CEST 2010;193
Mon Jun 21 00:00:00 CEST 2010;102;Fri Jun 18 00:00:00 CEST 2010;181
Tue Jun 22 00:00:00 CEST 2010;103;Sun Jun 20 00:00:00 CEST 2010;166
Wed Jun 23 00:00:00 CEST 2010;91;Mon Jun 21 00:00:00 CEST 2010;173
Thu Jun 24 00:00:00 CEST 2010;91;Tue Jun 22 00:00:00 CEST 2010;163
Fri Jun 25 00:00:00 CEST 2010;81;Wed Jun 23 00:00:00 CEST 2010;161
Mon Jun 28 00:00:00 CEST 2010;88;Thu Jun 24 00:00:00 CEST 2010;161
Tue Jun 29 00:00:00 CEST 2010;92;Fri Jun 25 00:00:00 CEST 2010;160
Wed Jun 30 00:00:00 CEST 2010;89;Mon Jun 28 00:00:00 CEST 2010;161
Thu Jul 01 00:00:00 CEST 2010;88;Tue Jun 29 00:00:00 CEST 2010;156
Fri Jul 02 00:00:00 CEST 2010;86;Wed Jun 30 00:00:00 CEST 2010;157
Mon Jul 05 00:00:00 CEST 2010;85;Thu Jul 01 00:00:00 CEST 2010;152
Tue Jul 06 00:00:00 CEST 2010;83;Fri Jul 02 00:00:00 CEST 2010;146
Wed Jul 07 00:00:00 CEST 2010;85;Mon Jul 05 00:00:00 CEST 2010;145
Thu Jul 08 00:00:00 CEST 2010;81;Tue Jul 06 00:00:00 CEST 2010;147
Fri Jul 09 00:00:00 CEST 2010;93;Wed Jul 07 00:00:00 CEST 2010;151
Mon Jul 12 00:00:00 CEST 2010;91;Thu Jul 08 00:00:00 CEST 2010;163
Tue Jul 13 00:00:00 CEST 2010;94;Fri Jul 09 00:00:00 CEST 2010;171
Wed Jul 14 00:00:00 CEST 2010;93;Sun Jul 11 00:00:00 CEST 2010;159
Thu Jul 15 00:00:00 CEST 2010;89;Mon Jul 12 00:00:00 CEST 2010;166
Fri Jul 16 00:00:00 CEST 2010;80;Tue Jul 13 00:00:00 CEST 2010;162
Mon Jul 19 00:00:00 CEST 2010;74;Wed Jul 14 00:00:00 CEST 2010;159
Tue Jul 20 00:00:00 CEST 2010;82;Fri Jul 16 00:00:00 CEST 2010;151
Wed Jul 21 00:00:00 CEST 2010;80;Mon Jul 19 00:00:00 CEST 2010;154
Thu Jul 22 00:00:00 CEST 2010;76;Tue Jul 20 00:00:00 CEST 2010;161
Fri Jul 23 00:00:00 CEST 2010;75;Wed Jul 21 00:00:00 CEST 2010;155
Tue Jul 27 00:00:00 CEST 2010;71;Thu Jul 22 00:00:00 CEST 2010;157
Wed Jul 28 00:00:00 CEST 2010;73;Fri Jul 23 00:00:00 CEST 2010;155
Thu Jul 29 00:00:00 CEST 2010;73;Tue Jul 27 00:00:00 CEST 2010;156
Fri Jul 30 00:00:00 CEST 2010;77;Wed Jul 28 00:00:00 CEST 2010;158
Mon Aug 02 00:00:00 CEST 2010;69;Thu Jul 29 00:00:00 CEST 2010;156
Tue Aug 03 00:00:00 CEST 2010;70;Fri Jul 30 00:00:00 CEST 2010;155
Wed Aug 04 00:00:00 CEST 2010;68;Mon Aug 02 00:00:00 CEST 2010;152
Thu Aug 05 00:00:00 CEST 2010;67;Tue Aug 03 00:00:00 CEST 2010;152
Fri Aug 06 00:00:00 CEST 2010;62;Wed Aug 04 00:00:00 CEST 2010;155
Tue Aug 10 00:00:00 CEST 2010;65;Thu Aug 05 00:00:00 CEST 2010;157
Wed Aug 11 00:00:00 CEST 2010;65;Fri Aug 06 00:00:00 CEST 2010;157
Thu Aug 12 00:00:00 CEST 2010;62;Tue Aug 10 00:00:00 CEST 2010;161
Fri Aug 13 00:00:00 CEST 2010;65;Wed Aug 11 00:00:00 CEST 2010;156
Mon Aug 16 00:00:00 CEST 2010;61;Thu Aug 12 00:00:00 CEST 2010;158
Tue Aug 17 00:00:00 CEST 2010;67;Fri Aug 13 00:00:00 CEST 2010;160
Wed Aug 18 00:00:00 CEST 2010;65;Mon Aug 16 00:00:00 CEST 2010;170
Thu Aug 19 00:00:00 CEST 2010;64;Tue Aug 17 00:00:00 CEST 2010;172
Mon Aug 23 00:00:00 CEST 2010;64;Wed Aug 18 00:00:00 CEST 2010;177
Tue Aug 24 00:00:00 CEST 2010;67;Thu Aug 19 00:00:00 CEST 2010;178
Wed Aug 25 00:00:00 CEST 2010;70;Mon Aug 23 00:00:00 CEST 2010;185
Thu Aug 26 00:00:00 CEST 2010;68;Tue Aug 24 00:00:00 CEST 2010;186
Fri Aug 27 00:00:00 CEST 2010;75;Wed Aug 25 00:00:00 CEST 2010;189
Mon Aug 30 00:00:00 CEST 2010;93;Thu Aug 26 00:00:00 CEST 2010;185
Tue Aug 31 00:00:00 CEST 2010;115;Fri Aug 27 00:00:00 CEST 2010;211
Wed Sep 01 00:00:00 CEST 2010;101;Sun Aug 29 00:00:00 CEST 2010;201
Thu Sep 02 00:00:00 CEST 2010;87;Mon Aug 30 00:00:00 CEST 2010;213
Fri Sep 03 00:00:00 CEST 2010;80;Tue Aug 31 00:00:00 CEST 2010;198
Mon Sep 06 00:00:00 CEST 2010;88;Wed Sep 01 00:00:00 CEST 2010;176
Tue Sep 07 00:00:00 CEST 2010;106;Thu Sep 02 00:00:00 CEST 2010;189
Wed Sep 08 00:00:00 CEST 2010;109;Fri Sep 03 00:00:00 CEST 2010;184
Thu Sep 09 00:00:00 CEST 2010;110;Mon Sep 06 00:00:00 CEST 2010;185
Fri Sep 10 00:00:00 CEST 2010;105;Tue Sep 07 00:00:00 CEST 2010;212
Sat Sep 11 00:00:00 CEST 2010;92;Wed Sep 08 00:00:00 CEST 2010;242
Mon Sep 13 00:00:00 CEST 2010;98;Thu Sep 09 00:00:00 CEST 2010;283
Tue Sep 14 00:00:00 CEST 2010;114;Fri Sep 10 00:00:00 CEST 2010;287
Wed Sep 15 00:00:00 CEST 2010;117;Sat Sep 11 00:00:00 CEST 2010;275
Thu Sep 16 00:00:00 CEST 2010;133;Mon Sep 13 00:00:00 CEST 2010;307
Fri Sep 17 00:00:00 CEST 2010;134;Tue Sep 14 00:00:00 CEST 2010;311
Sat Sep 18 00:00:00 CEST 2010;109;Wed Sep 15 00:00:00 CEST 2010;331
Mon Sep 20 00:00:00 CEST 2010;114;Thu Sep 16 00:00:00 CEST 2010;332
Tue Sep 21 00:00:00 CEST 2010;125;Fri Sep 17 00:00:00 CEST 2010;313
Wed Sep 22 00:00:00 CEST 2010;128;Sat Sep 18 00:00:00 CEST 2010;297
Thu Sep 23 00:00:00 CEST 2010;133;Mon Sep 20 00:00:00 CEST 2010;326
Fri Sep 24 00:00:00 CEST 2010;142;Tue Sep 21 00:00:00 CEST 2010;312
Mon Sep 27 00:00:00 CEST 2010;119;Wed Sep 22 00:00:00 CEST 2010;306
Tue Sep 28 00:00:00 CEST 2010;142;Thu Sep 23 00:00:00 CEST 2010;311
Wed Sep 29 00:00:00 CEST 2010;145;Fri Sep 24 00:00:00 CEST 2010;302
Thu Sep 30 00:00:00 CEST 2010;129;Mon Sep 27 00:00:00 CEST 2010;291
Fri Oct 01 00:00:00 CEST 2010;122;Tue Sep 28 00:00:00 CEST 2010;291
Mon Oct 04 00:00:00 CEST 2010;124;Wed Sep 29 00:00:00 CEST 2010;301
Tue Oct 05 00:00:00 CEST 2010;137;Thu Sep 30 00:00:00 CEST 2010;291
Wed Oct 06 00:00:00 CEST 2010;147;Fri Oct 01 00:00:00 CEST 2010;313
Thu Oct 07 00:00:00 CEST 2010;152;Mon Oct 04 00:00:00 CEST 2010;335
Fri Oct 08 00:00:00 CEST 2010;139;Tue Oct 05 00:00:00 CEST 2010;323
Sun Oct 10 00:00:00 CEST 2010;112;Wed Oct 06 00:00:00 CEST 2010;352
Mon Oct 11 00:00:00 CEST 2010;134;Thu Oct 07 00:00:00 CEST 2010;348
Tue Oct 12 00:00:00 CEST 2010;161;Fri Oct 08 00:00:00 CEST 2010;335
Wed Oct 13 00:00:00 CEST 2010;160;Sun Oct 10 00:00:00 CEST 2010;320
Thu Oct 14 00:00:00 CEST 2010;170;Mon Oct 11 00:00:00 CEST 2010;336
Fri Oct 15 00:00:00 CEST 2010;175;Tue Oct 12 00:00:00 CEST 2010;326
Sat Oct 16 00:00:00 CEST 2010;140;Wed Oct 13 00:00:00 CEST 2010;325
Mon Oct 18 00:00:00 CEST 2010;156;Thu Oct 14 00:00:00 CEST 2010;340
Tue Oct 19 00:00:00 CEST 2010;180;Fri Oct 15 00:00:00 CEST 2010;315
Wed Oct 20 00:00:00 CEST 2010;177;Sat Oct 16 00:00:00 CEST 2010;301
Thu Oct 21 00:00:00 CEST 2010;183;Mon Oct 18 00:00:00 CEST 2010;313
Fri Oct 22 00:00:00 CEST 2010;162;Tue Oct 19 00:00:00 CEST 2010;332
Mon Oct 25 00:00:00 CEST 2010;141;Wed Oct 20 00:00:00 CEST 2010;327
Tue Oct 26 00:00:00 CEST 2010;159;Thu Oct 21 00:00:00 CEST 2010;331
Wed Oct 27 00:00:00 CEST 2010;170;Fri Oct 22 00:00:00 CEST 2010;319
Thu Oct 28 00:00:00 CEST 2010;165;Sat Oct 23 00:00:00 CEST 2010;304
Fri Oct 29 00:00:00 CEST 2010;146;Mon Oct 25 00:00:00 CEST 2010;329
Mon Nov 01 00:00:00 CET 2010;129;Tue Oct 26 00:00:00 CEST 2010;323
Tue Nov 02 00:00:00 CET 2010;139;Wed Oct 27 00:00:00 CEST 2010;320
Wed Nov 03 00:00:00 CET 2010;137;Thu Oct 28 00:00:00 CEST 2010;300
Thu Nov 04 00:00:00 CET 2010;133;Fri Oct 29 00:00:00 CEST 2010;309
Fri Nov 05 00:00:00 CET 2010;130;Mon Nov 01 00:00:00 CET 2010;305
Mon Nov 08 00:00:00 CET 2010;112;Tue Nov 02 00:00:00 CET 2010;312
Tue Nov 09 00:00:00 CET 2010;139;Wed Nov 03 00:00:00 CET 2010;313
Wed Nov 10 00:00:00 CET 2010;165;Thu Nov 04 00:00:00 CET 2010;305
Thu Nov 11 00:00:00 CET 2010;168;Fri Nov 05 00:00:00 CET 2010;296
Fri Nov 12 00:00:00 CET 2010;166;Mon Nov 08 00:00:00 CET 2010;299
Mon Nov 15 00:00:00 CET 2010;165;Tue Nov 09 00:00:00 CET 2010;317
Tue Nov 16 00:00:00 CET 2010;195;Wed Nov 10 00:00:00 CET 2010;323
Wed Nov 17 00:00:00 CET 2010;178;Thu Nov 11 00:00:00 CET 2010;332
Thu Nov 18 00:00:00 CET 2010;178;Fri Nov 12 00:00:00 CET 2010;337
Fri Nov 19 00:00:00 CET 2010;178;Mon Nov 15 00:00:00 CET 2010;328
Sat Nov 20 00:00:00 CET 2010;157;Tue Nov 16 00:00:00 CET 2010;332
Sun Nov 21 00:00:00 CET 2010;137;Wed Nov 17 00:00:00 CET 2010;331
Mon Nov 22 00:00:00 CET 2010;222;Thu Nov 18 00:00:00 CET 2010;353
Tue Nov 23 00:00:00 CET 2010;250;Fri Nov 19 00:00:00 CET 2010;354
Wed Nov 24 00:00:00 CET 2010;203;Mon Nov 22 00:00:00 CET 2010;371
Thu Nov 25 00:00:00 CET 2010;187;Tue Nov 23 00:00:00 CET 2010;323
Fri Nov 26 00:00:00 CET 2010;186;Wed Nov 24 00:00:00 CET 2010;317
Mon Nov 29 00:00:00 CET 2010;154;Thu Nov 25 00:00:00 CET 2010;303
Tue Nov 30 00:00:00 CET 2010;187;Fri Nov 26 00:00:00 CET 2010;326
Wed Dec 01 00:00:00 CET 2010;187;Mon Nov 29 00:00:00 CET 2010;331
Thu Dec 02 00:00:00 CET 2010;196;Tue Nov 30 00:00:00 CET 2010;332
Fri Dec 03 00:00:00 CET 2010;211;Wed Dec 01 00:00:00 CET 2010;333
Mon Dec 06 00:00:00 CET 2010;207;Thu Dec 02 00:00:00 CET 2010;339
Tue Dec 07 00:00:00 CET 2010;228;Fri Dec 03 00:00:00 CET 2010;339
Wed Dec 08 00:00:00 CET 2010;224;Mon Dec 06 00:00:00 CET 2010;376
Thu Dec 09 00:00:00 CET 2010;220;Tue Dec 07 00:00:00 CET 2010;354
Fri Dec 10 00:00:00 CET 2010;190;Wed Dec 08 00:00:00 CET 2010;337
Sat Dec 11 00:00:00 CET 2010;145;Thu Dec 09 00:00:00 CET 2010;312
Sun Dec 12 00:00:00 CET 2010;134;Fri Dec 10 00:00:00 CET 2010;287
Mon Dec 13 00:00:00 CET 2010;151;Sat Dec 11 00:00:00 CET 2010;272
Tue Dec 14 00:00:00 CET 2010;153;Mon Dec 13 00:00:00 CET 2010;289
Wed Dec 15 00:00:00 CET 2010;137;Tue Dec 14 00:00:00 CET 2010;285
Thu Dec 16 00:00:00 CET 2010;146;Wed Dec 15 00:00:00 CET 2010;282
Fri Dec 17 00:00:00 CET 2010;144;Thu Dec 16 00:00:00 CET 2010;283
Mon Dec 20 00:00:00 CET 2010;144;Fri Dec 17 00:00:00 CET 2010;283
Tue Dec 21 00:00:00 CET 2010;166;Mon Dec 20 00:00:00 CET 2010;285
Wed Dec 22 00:00:00 CET 2010;176;Tue Dec 21 00:00:00 CET 2010;286
Thu Dec 23 00:00:00 CET 2010;176;Wed Dec 22 00:00:00 CET 2010;279
Fri Dec 24 00:00:00 CET 2010;161;Thu Dec 23 00:00:00 CET 2010;274
Mon Dec 27 00:00:00 CET 2010;155;Fri Dec 24 00:00:00 CET 2010;260
Tue Dec 28 00:00:00 CET 2010;161;Mon Dec 27 00:00:00 CET 2010;264
Wed Dec 29 00:00:00 CET 2010;154;Tue Dec 28 00:00:00 CET 2010;254
Thu Dec 30 00:00:00 CET 2010;140;Wed Dec 29 00:00:00 CET 2010;252
Fri Dec 31 00:00:00 CET 2010;135;Sun Jan 02 00:00:00 CET 2011;245
Mon Jan 03 00:00:00 CET 2011;144;Mon Jan 03 00:00:00 CET 2011;262
Tue Jan 04 00:00:00 CET 2011;179;Tue Jan 04 00:00:00 CET 2011;308
Wed Jan 05 00:00:00 CET 2011;187;Wed Jan 05 00:00:00 CET 2011;294
Thu Jan 06 00:00:00 CET 2011;169;Thu Jan 06 00:00:00 CET 2011;284
Fri Jan 07 00:00:00 CET 2011;153;Fri Jan 07 00:00:00 CET 2011;279
Mon Jan 10 00:00:00 CET 2011;148;Sun Jan 09 00:00:00 CET 2011;264
Tue Jan 11 00:00:00 CET 2011;178;Mon Jan 10 00:00:00 CET 2011;300
Wed Jan 12 00:00:00 CET 2011;168;Tue Jan 11 00:00:00 CET 2011;297
Thu Jan 13 00:00:00 CET 2011;152;Wed Jan 12 00:00:00 CET 2011;269
Fri Jan 14 00:00:00 CET 2011;153;Thu Jan 13 00:00:00 CET 2011;266
Mon Jan 17 00:00:00 CET 2011;153;Fri Jan 14 00:00:00 CET 2011;269
Tue Jan 18 00:00:00 CET 2011;168;Mon Jan 17 00:00:00 CET 2011;286
Wed Jan 19 00:00:00 CET 2011;166;Tue Jan 18 00:00:00 CET 2011;288
Thu Jan 20 00:00:00 CET 2011;162;Wed Jan 19 00:00:00 CET 2011;286
Fri Jan 21 00:00:00 CET 2011;157;Thu Jan 20 00:00:00 CET 2011;316
Sat Jan 22 00:00:00 CET 2011;136;Fri Jan 21 00:00:00 CET 2011;308
Mon Jan 24 00:00:00 CET 2011;136;Sat Jan 22 00:00:00 CET 2011;296
Tue Jan 25 00:00:00 CET 2011;148;Mon Jan 24 00:00:00 CET 2011;325
Wed Jan 26 00:00:00 CET 2011;142;Tue Jan 25 00:00:00 CET 2011;332
Thu Jan 27 00:00:00 CET 2011;129;Wed Jan 26 00:00:00 CET 2011;326
Fri Jan 28 00:00:00 CET 2011;138;Thu Jan 27 00:00:00 CET 2011;318
Sun Jan 30 00:00:00 CET 2011;118;Fri Jan 28 00:00:00 CET 2011;328
Mon Jan 31 00:00:00 CET 2011;136;Sun Jan 30 00:00:00 CET 2011;313
Tue Feb 01 00:00:00 CET 2011;165;Mon Jan 31 00:00:00 CET 2011;335
Wed Feb 02 00:00:00 CET 2011;190;Tue Feb 01 00:00:00 CET 2011;350
Thu Feb 03 00:00:00 CET 2011;195;Wed Feb 02 00:00:00 CET 2011;344
Fri Feb 04 00:00:00 CET 2011;187;Thu Feb 03 00:00:00 CET 2011;319
Sat Feb 05 00:00:00 CET 2011;168;Fri Feb 04 00:00:00 CET 2011;308
Mon Feb 07 00:00:00 CET 2011;189;Sat Feb 05 00:00:00 CET 2011;284
Tue Feb 08 00:00:00 CET 2011;211;Mon Feb 07 00:00:00 CET 2011;319
Wed Feb 09 00:00:00 CET 2011;210;Tue Feb 08 00:00:00 CET 2011;303
Thu Feb 10 00:00:00 CET 2011;198;Wed Feb 09 00:00:00 CET 2011;299
Fri Feb 11 00:00:00 CET 2011;184;Thu Feb 10 00:00:00 CET 2011;294
Mon Feb 14 00:00:00 CET 2011;173;Fri Feb 11 00:00:00 CET 2011;288
Tue Feb 15 00:00:00 CET 2011;197;Mon Feb 14 00:00:00 CET 2011;289
Wed Feb 16 00:00:00 CET 2011;197;Tue Feb 15 00:00:00 CET 2011;280
Thu Feb 17 00:00:00 CET 2011;185;Wed Feb 16 00:00:00 CET 2011;270
Fri Feb 18 00:00:00 CET 2011;175;Thu Feb 17 00:00:00 CET 2011;258
Mon Feb 21 00:00:00 CET 2011;153;Fri Feb 18 00:00:00 CET 2011;269
Tue Feb 22 00:00:00 CET 2011;178;Mon Feb 21 00:00:00 CET 2011;267
Wed Feb 23 00:00:00 CET 2011;176;Tue Feb 22 00:00:00 CET 2011;274
Thu Feb 24 00:00:00 CET 2011;149;Wed Feb 23 00:00:00 CET 2011;259
Fri Feb 25 00:00:00 CET 2011;140;Thu Feb 24 00:00:00 CET 2011;264
Mon Feb 28 00:00:00 CET 2011;126;Fri Feb 25 00:00:00 CET 2011;263
Tue Mar 01 00:00:00 CET 2011;141;Mon Feb 28 00:00:00 CET 2011;274
Wed Mar 02 00:00:00 CET 2011;140;Tue Mar 01 00:00:00 CET 2011;276
Thu Mar 03 00:00:00 CET 2011;147;Wed Mar 02 00:00:00 CET 2011;263
Fri Mar 04 00:00:00 CET 2011;153;Thu Mar 03 00:00:00 CET 2011;276
Mon Mar 07 00:00:00 CET 2011;149;Fri Mar 04 00:00:00 CET 2011;269
Tue Mar 08 00:00:00 CET 2011;171;Mon Mar 07 00:00:00 CET 2011;280
Wed Mar 09 00:00:00 CET 2011;176;Tue Mar 08 00:00:00 CET 2011;281
Thu Mar 10 00:00:00 CET 2011;173;Wed Mar 09 00:00:00 CET 2011;264
Fri Mar 11 00:00:00 CET 2011;175;Thu Mar 10 00:00:00 CET 2011;255
Mon Mar 14 00:00:00 CET 2011;164;Fri Mar 11 00:00:00 CET 2011;253
Tue Mar 15 00:00:00 CET 2011;200;Sun Mar 13 00:00:00 CET 2011;242
Wed Mar 16 00:00:00 CET 2011;215;Mon Mar 14 00:00:00 CET 2011;272
Thu Mar 17 00:00:00 CET 2011;219;Tue Mar 15 00:00:00 CET 2011;284
Fri Mar 18 00:00:00 CET 2011;211;Wed Mar 16 00:00:00 CET 2011;265
Sun Mar 20 00:00:00 CET 2011;189;Thu Mar 17 00:00:00 CET 2011;264
Mon Mar 21 00:00:00 CET 2011;208;Fri Mar 18 00:00:00 CET 2011;263
Tue Mar 22 00:00:00 CET 2011;215;Sun Mar 20 00:00:00 CET 2011;254
Wed Mar 23 00:00:00 CET 2011;210;Mon Mar 21 00:00:00 CET 2011;303
Thu Mar 24 00:00:00 CET 2011;199;Tue Mar 22 00:00:00 CET 2011;306
Fri Mar 25 00:00:00 CET 2011;186;Wed Mar 23 00:00:00 CET 2011;306
Mon Mar 28 00:00:00 CEST 2011;199;Thu Mar 24 00:00:00 CET 2011;292
Tue Mar 29 00:00:00 CEST 2011;212;Fri Mar 25 00:00:00 CET 2011;299
Wed Mar 30 00:00:00 CEST 2011;206;Mon Mar 28 00:00:00 CEST 2011;321
Thu Mar 31 00:00:00 CEST 2011;217;Tue Mar 29 00:00:00 CEST 2011;324
Fri Apr 01 00:00:00 CEST 2011;214;Wed Mar 30 00:00:00 CEST 2011;325
Mon Apr 04 00:00:00 CEST 2011;207;Thu Mar 31 00:00:00 CEST 2011;321
Tue Apr 05 00:00:00 CEST 2011;225;Fri Apr 01 00:00:00 CEST 2011;317
Wed Apr 06 00:00:00 CEST 2011;232;Mon Apr 04 00:00:00 CEST 2011;323
Thu Apr 07 00:00:00 CEST 2011;256;Tue Apr 05 00:00:00 CEST 2011;326
Fri Apr 08 00:00:00 CEST 2011;260;Wed Apr 06 00:00:00 CEST 2011;324
Mon Apr 11 00:00:00 CEST 2011;227;Thu Apr 07 00:00:00 CEST 2011;320
Tue Apr 12 00:00:00 CEST 2011;234;Fri Apr 08 00:00:00 CEST 2011;307
Wed Apr 13 00:00:00 CEST 2011;224;Mon Apr 11 00:00:00 CEST 2011;306
Thu Apr 14 00:00:00 CEST 2011;223;Tue Apr 12 00:00:00 CEST 2011;294
Fri Apr 15 00:00:00 CEST 2011;224;Wed Apr 13 00:00:00 CEST 2011;290
Mon Apr 18 00:00:00 CEST 2011;180;Thu Apr 14 00:00:00 CEST 2011;294
Tue Apr 19 00:00:00 CEST 2011;190;Fri Apr 15 00:00:00 CEST 2011;285
Wed Apr 20 00:00:00 CEST 2011;189;Mon Apr 18 00:00:00 CEST 2011;287
Thu Apr 21 00:00:00 CEST 2011;198;Tue Apr 19 00:00:00 CEST 2011;292
Mon Apr 25 00:00:00 CEST 2011;194;Wed Apr 20 00:00:00 CEST 2011;291
Tue Apr 26 00:00:00 CEST 2011;214;Thu Apr 21 00:00:00 CEST 2011;286
Wed Apr 27 00:00:00 CEST 2011;235;Mon Apr 25 00:00:00 CEST 2011;276
Thu Apr 28 00:00:00 CEST 2011;228;Tue Apr 26 00:00:00 CEST 2011;282
Fri Apr 29 00:00:00 CEST 2011;236;Wed Apr 27 00:00:00 CEST 2011;281
Sat Apr 30 00:00:00 CEST 2011;209;Thu Apr 28 00:00:00 CEST 2011;249
Sun May 01 00:00:00 CEST 2011;187;Fri Apr 29 00:00:00 CEST 2011;258
Mon May 02 00:00:00 CEST 2011;196;Sun May 01 00:00:00 CEST 2011;233
Tue May 03 00:00:00 CEST 2011;211;Mon May 02 00:00:00 CEST 2011;248
Wed May 04 00:00:00 CEST 2011;219;Tue May 03 00:00:00 CEST 2011;253
Thu May 05 00:00:00 CEST 2011;212;Wed May 04 00:00:00 CEST 2011;252
Fri May 06 00:00:00 CEST 2011;205;Thu May 05 00:00:00 CEST 2011;240
Mon May 09 00:00:00 CEST 2011;202;Fri May 06 00:00:00 CEST 2011;247
Tue May 10 00:00:00 CEST 2011;219;Mon May 09 00:00:00 CEST 2011;281
Wed May 11 00:00:00 CEST 2011;215;Tue May 10 00:00:00 CEST 2011;257
Thu May 12 00:00:00 CEST 2011;209;Wed May 11 00:00:00 CEST 2011;255
Fri May 13 00:00:00 CEST 2011;209;Thu May 12 00:00:00 CEST 2011;267
Mon May 16 00:00:00 CEST 2011;218;Fri May 13 00:00:00 CEST 2011;262
Tue May 17 00:00:00 CEST 2011;222;Mon May 16 00:00:00 CEST 2011;251
Wed May 18 00:00:00 CEST 2011;248;Tue May 17 00:00:00 CEST 2011;234
Thu May 19 00:00:00 CEST 2011;257;Wed May 18 00:00:00 CEST 2011;246
Fri May 20 00:00:00 CEST 2011;242;Thu May 19 00:00:00 CEST 2011;224
Mon May 23 00:00:00 CEST 2011;225;Fri May 20 00:00:00 CEST 2011;252
Tue May 24 00:00:00 CEST 2011;250;Mon May 23 00:00:00 CEST 2011;263
Wed May 25 00:00:00 CEST 2011;244;Tue May 24 00:00:00 CEST 2011;280
Thu May 26 00:00:00 CEST 2011;241;Wed May 25 00:00:00 CEST 2011;276
Fri May 27 00:00:00 CEST 2011;239;Thu May 26 00:00:00 CEST 2011;279
Sat May 28 00:00:00 CEST 2011;221;Fri May 27 00:00:00 CEST 2011;281
Mon May 30 00:00:00 CEST 2011;269;Mon May 30 00:00:00 CEST 2011;296
Tue May 31 00:00:00 CEST 2011;305;Tue May 31 00:00:00 CEST 2011;274
Wed Jun 01 00:00:00 CEST 2011;308;Wed Jun 01 00:00:00 CEST 2011;264
Thu Jun 02 00:00:00 CEST 2011;287;Thu Jun 02 00:00:00 CEST 2011;246
Fri Jun 03 00:00:00 CEST 2011;288;Fri Jun 03 00:00:00 CEST 2011;250
Mon Jun 06 00:00:00 CEST 2011;272;Mon Jun 06 00:00:00 CEST 2011;240
Tue Jun 07 00:00:00 CEST 2011;281;Tue Jun 07 00:00:00 CEST 2011;235
Wed Jun 08 00:00:00 CEST 2011;265;Wed Jun 08 00:00:00 CEST 2011;247
Thu Jun 09 00:00:00 CEST 2011;271;Thu Jun 09 00:00:00 CEST 2011;254
Fri Jun 10 00:00:00 CEST 2011;277;Fri Jun 10 00:00:00 CEST 2011;246
Sat Jun 11 00:00:00 CEST 2011;250;Sun Jun 12 00:00:00 CEST 2011;220
Mon Jun 13 00:00:00 CEST 2011;245;Mon Jun 13 00:00:00 CEST 2011;227
Tue Jun 14 00:00:00 CEST 2011;276;Tue Jun 14 00:00:00 CEST 2011;238
Wed Jun 15 00:00:00 CEST 2011;282;Wed Jun 15 00:00:00 CEST 2011;247
Thu Jun 16 00:00:00 CEST 2011;253;Thu Jun 16 00:00:00 CEST 2011;234
Fri Jun 17 00:00:00 CEST 2011;224;Fri Jun 17 00:00:00 CEST 2011;230
Sat Jun 18 00:00:00 CEST 2011;170;Mon Jun 20 00:00:00 CEST 2011;235
Mon Jun 20 00:00:00 CEST 2011;157;Tue Jun 21 00:00:00 CEST 2011;249
Tue Jun 21 00:00:00 CEST 2011;177;Wed Jun 22 00:00:00 CEST 2011;239
Wed Jun 22 00:00:00 CEST 2011;167;Thu Jun 23 00:00:00 CEST 2011;267
Thu Jun 23 00:00:00 CEST 2011;144;Fri Jun 24 00:00:00 CEST 2011;270
Fri Jun 24 00:00:00 CEST 2011;141;Mon Jun 27 00:00:00 CEST 2011;267
Mon Jun 27 00:00:00 CEST 2011;122;Tue Jun 28 00:00:00 CEST 2011;286
Tue Jun 28 00:00:00 CEST 2011;140;Wed Jun 29 00:00:00 CEST 2011;284
Wed Jun 29 00:00:00 CEST 2011;150;Thu Jun 30 00:00:00 CEST 2011;273
Thu Jun 30 00:00:00 CEST 2011;152;Fri Jul 01 00:00:00 CEST 2011;277
Fri Jul 01 00:00:00 CEST 2011;164;Mon Jul 04 00:00:00 CEST 2011;256
Mon Jul 04 00:00:00 CEST 2011;136;Tue Jul 05 00:00:00 CEST 2011;255
Tue Jul 05 00:00:00 CEST 2011;144;Wed Jul 06 00:00:00 CEST 2011;256
Wed Jul 06 00:00:00 CEST 2011;151;Thu Jul 07 00:00:00 CEST 2011;255
Thu Jul 07 00:00:00 CEST 2011;149;Fri Jul 08 00:00:00 CEST 2011;250
Fri Jul 08 00:00:00 CEST 2011;147;Sun Jul 10 00:00:00 CEST 2011;243
Mon Jul 11 00:00:00 CEST 2011;138;Mon Jul 11 00:00:00 CEST 2011;257
Tue Jul 12 00:00:00 CEST 2011;147;Tue Jul 12 00:00:00 CEST 2011;251
Wed Jul 13 00:00:00 CEST 2011;151;Wed Jul 13 00:00:00 CEST 2011;281
Thu Jul 14 00:00:00 CEST 2011;146;Thu Jul 14 00:00:00 CEST 2011;288
Fri Jul 15 00:00:00 CEST 2011;152;Fri Jul 15 00:00:00 CEST 2011;289
Mon Jul 18 00:00:00 CEST 2011;145;Mon Jul 18 00:00:00 CEST 2011;269
Tue Jul 19 00:00:00 CEST 2011;151;Tue Jul 19 00:00:00 CEST 2011;280
Wed Jul 20 00:00:00 CEST 2011;158;Wed Jul 20 00:00:00 CEST 2011;288
Thu Jul 21 00:00:00 CEST 2011;153;Thu Jul 21 00:00:00 CEST 2011;272
Fri Jul 22 00:00:00 CEST 2011;159;Fri Jul 22 00:00:00 CEST 2011;277
Mon Jul 25 00:00:00 CEST 2011;169;Mon Jul 25 00:00:00 CEST 2011;280
Tue Jul 26 00:00:00 CEST 2011;174;Tue Jul 26 00:00:00 CEST 2011;263
Wed Jul 27 00:00:00 CEST 2011;174;Wed Jul 27 00:00:00 CEST 2011;264
Thu Jul 28 00:00:00 CEST 2011;187;Thu Jul 28 00:00:00 CEST 2011;259
Fri Jul 29 00:00:00 CEST 2011;193;Fri Jul 29 00:00:00 CEST 2011;261
Mon Aug 01 00:00:00 CEST 2011;192;Mon Aug 01 00:00:00 CEST 2011;259
Tue Aug 02 00:00:00 CEST 2011;203;Tue Aug 02 00:00:00 CEST 2011;255
Wed Aug 03 00:00:00 CEST 2011;205;Wed Aug 03 00:00:00 CEST 2011;251
Thu Aug 04 00:00:00 CEST 2011;206;Thu Aug 04 00:00:00 CEST 2011;245
Fri Aug 05 00:00:00 CEST 2011;202;Fri Aug 05 00:00:00 CEST 2011;253
Mon Aug 08 00:00:00 CEST 2011;212;Mon Aug 08 00:00:00 CEST 2011;247
Tue Aug 09 00:00:00 CEST 2011;228;Tue Aug 09 00:00:00 CEST 2011;236
Wed Aug 10 00:00:00 CEST 2011;207;Wed Aug 10 00:00:00 CEST 2011;222
Thu Aug 11 00:00:00 CEST 2011;209;Thu Aug 11 00:00:00 CEST 2011;225
Fri Aug 12 00:00:00 CEST 2011;221;Fri Aug 12 00:00:00 CEST 2011;224
Mon Aug 15 00:00:00 CEST 2011;217;Mon Aug 15 00:00:00 CEST 2011;216
Tue Aug 16 00:00:00 CEST 2011;225;Tue Aug 16 00:00:00 CEST 2011;224
Wed Aug 17 00:00:00 CEST 2011;217;Wed Aug 17 00:00:00 CEST 2011;229
Thu Aug 18 00:00:00 CEST 2011;215;Thu Aug 18 00:00:00 CEST 2011;227
Fri Aug 19 00:00:00 CEST 2011;219;Fri Aug 19 00:00:00 CEST 2011;244
Mon Aug 22 00:00:00 CEST 2011;227;Mon Aug 22 00:00:00 CEST 2011;246
Tue Aug 23 00:00:00 CEST 2011;234;Tue Aug 23 00:00:00 CEST 2011;250
Wed Aug 24 00:00:00 CEST 2011;231;Wed Aug 24 00:00:00 CEST 2011;252
Thu Aug 25 00:00:00 CEST 2011;222;Thu Aug 25 00:00:00 CEST 2011;251
Fri Aug 26 00:00:00 CEST 2011;234;Fri Aug 26 00:00:00 CEST 2011;265
Sun Aug 28 00:00:00 CEST 2011;217;Mon Aug 29 00:00:00 CEST 2011;251
Mon Aug 29 00:00:00 CEST 2011;234;Tue Aug 30 00:00:00 CEST 2011;260
Tue Aug 30 00:00:00 CEST 2011;249;Wed Aug 31 00:00:00 CEST 2011;262
Wed Aug 31 00:00:00 CEST 2011;241;Thu Sep 01 00:00:00 CEST 2011;255
Thu Sep 01 00:00:00 CEST 2011;232;Fri Sep 02 00:00:00 CEST 2011;273
Fri Sep 02 00:00:00 CEST 2011;244;Sat Sep 03 00:00:00 CEST 2011;254
Mon Sep 05 00:00:00 CEST 2011;240;Mon Sep 05 00:00:00 CEST 2011;278
Tue Sep 06 00:00:00 CEST 2011;260;Tue Sep 06 00:00:00 CEST 2011;279
Wed Sep 07 00:00:00 CEST 2011;238;Wed Sep 07 00:00:00 CEST 2011;273
Thu Sep 08 00:00:00 CEST 2011;235;Thu Sep 08 00:00:00 CEST 2011;287
Fri Sep 09 00:00:00 CEST 2011;227;Fri Sep 09 00:00:00 CEST 2011;289
Sat Sep 10 00:00:00 CEST 2011;214;Sat Sep 10 00:00:00 CEST 2011;283
Sun Sep 11 00:00:00 CEST 2011;195;Sun Sep 11 00:00:00 CEST 2011;284
Mon Sep 12 00:00:00 CEST 2011;222;Mon Sep 12 00:00:00 CEST 2011;313
Tue Sep 13 00:00:00 CEST 2011;228;Tue Sep 13 00:00:00 CEST 2011;321
Wed Sep 14 00:00:00 CEST 2011;245;Wed Sep 14 00:00:00 CEST 2011;328
Thu Sep 15 00:00:00 CEST 2011;254;Thu Sep 15 00:00:00 CEST 2011;320
Fri Sep 16 00:00:00 CEST 2011;250;Fri Sep 16 00:00:00 CEST 2011;315
Sat Sep 17 00:00:00 CEST 2011;236;Sat Sep 17 00:00:00 CEST 2011;293
Sun Sep 18 00:00:00 CEST 2011;214;Sun Sep 18 00:00:00 CEST 2011;287
Mon Sep 19 00:00:00 CEST 2011;230;Mon Sep 19 00:00:00 CEST 2011;318
Tue Sep 20 00:00:00 CEST 2011;253;Tue Sep 20 00:00:00 CEST 2011;318
Wed Sep 21 00:00:00 CEST 2011;265;Wed Sep 21 00:00:00 CEST 2011;325
Thu Sep 22 00:00:00 CEST 2011;268;Thu Sep 22 00:00:00 CEST 2011;305
Fri Sep 23 00:00:00 CEST 2011;240;Fri Sep 23 00:00:00 CEST 2011;293
Mon Sep 26 00:00:00 CEST 2011;244;Mon Sep 26 00:00:00 CEST 2011;360
Tue Sep 27 00:00:00 CEST 2011;266;Tue Sep 27 00:00:00 CEST 2011;351
Wed Sep 28 00:00:00 CEST 2011;254;Wed Sep 28 00:00:00 CEST 2011;330
Thu Sep 29 00:00:00 CEST 2011;257;Thu Sep 29 00:00:00 CEST 2011;326
Fri Sep 30 00:00:00 CEST 2011;257;Fri Sep 30 00:00:00 CEST 2011;343
Sat Oct 01 00:00:00 CEST 2011;239;Sat Oct 01 00:00:00 CEST 2011;326
Sun Oct 02 00:00:00 CEST 2011;228;Mon Oct 03 00:00:00 CEST 2011;347
Mon Oct 03 00:00:00 CEST 2011;253;Tue Oct 04 00:00:00 CEST 2011;344
Tue Oct 04 00:00:00 CEST 2011;272;Wed Oct 05 00:00:00 CEST 2011;340
Wed Oct 05 00:00:00 CEST 2011;265;Thu Oct 06 00:00:00 CEST 2011;329
Thu Oct 06 00:00:00 CEST 2011;253;Fri Oct 07 00:00:00 CEST 2011;338
Fri Oct 07 00:00:00 CEST 2011;246;Sat Oct 08 00:00:00 CEST 2011;326
Mon Oct 10 00:00:00 CEST 2011;269;Mon Oct 10 00:00:00 CEST 2011;363
Tue Oct 11 00:00:00 CEST 2011;298;Tue Oct 11 00:00:00 CEST 2011;361
Wed Oct 12 00:00:00 CEST 2011;312;Wed Oct 12 00:00:00 CEST 2011;354
Thu Oct 13 00:00:00 CEST 2011;308;Thu Oct 13 00:00:00 CEST 2011;350
Fri Oct 14 00:00:00 CEST 2011;301;Fri Oct 14 00:00:00 CEST 2011;362
Sat Oct 15 00:00:00 CEST 2011;277;Sat Oct 15 00:00:00 CEST 2011;339
Sun Oct 16 00:00:00 CEST 2011;260;Sun Oct 16 00:00:00 CEST 2011;332
Mon Oct 17 00:00:00 CEST 2011;280;Mon Oct 17 00:00:00 CEST 2011;375
Tue Oct 18 00:00:00 CEST 2011;281;Tue Oct 18 00:00:00 CEST 2011;375
Wed Oct 19 00:00:00 CEST 2011;266;Wed Oct 19 00:00:00 CEST 2011;387
Thu Oct 20 00:00:00 CEST 2011;279;Thu Oct 20 00:00:00 CEST 2011;390
Fri Oct 21 00:00:00 CEST 2011;276;Fri Oct 21 00:00:00 CEST 2011;389
Sun Oct 23 00:00:00 CEST 2011;231;Sun Oct 23 00:00:00 CEST 2011;363
Mon Oct 24 00:00:00 CEST 2011;258;Mon Oct 24 00:00:00 CEST 2011;398
Tue Oct 25 00:00:00 CEST 2011;264;Tue Oct 25 00:00:00 CEST 2011;383
Wed Oct 26 00:00:00 CEST 2011;270;Wed Oct 26 00:00:00 CEST 2011;385
Thu Oct 27 00:00:00 CEST 2011;266;Thu Oct 27 00:00:00 CEST 2011;367
Fri Oct 28 00:00:00 CEST 2011;280;Fri Oct 28 00:00:00 CEST 2011;382
Sat Oct 29 00:00:00 CEST 2011;273;Mon Oct 31 00:00:00 CET 2011;375
Sun Oct 30 00:00:00 CEST 2011;264;Tue Nov 01 00:00:00 CET 2011;363
Mon Oct 31 00:00:00 CET 2011;302;Wed Nov 02 00:00:00 CET 2011;374
Tue Nov 01 00:00:00 CET 2011;286;Thu Nov 03 00:00:00 CET 2011;355
Wed Nov 02 00:00:00 CET 2011;305;Fri Nov 04 00:00:00 CET 2011;359
Thu Nov 03 00:00:00 CET 2011;316;Sat Nov 05 00:00:00 CET 2011;349
Fri Nov 04 00:00:00 CET 2011;316;Sun Nov 06 00:00:00 CET 2011;316
Sat Nov 05 00:00:00 CET 2011;295;Mon Nov 07 00:00:00 CET 2011;324
Sun Nov 06 00:00:00 CET 2011;261;Tue Nov 08 00:00:00 CET 2011;324
Mon Nov 07 00:00:00 CET 2011;266;Wed Nov 09 00:00:00 CET 2011;326
Tue Nov 08 00:00:00 CET 2011;266;Thu Nov 10 00:00:00 CET 2011;324
Wed Nov 09 00:00:00 CET 2011;237;Fri Nov 11 00:00:00 CET 2011;338
Thu Nov 10 00:00:00 CET 2011;214;Sat Nov 12 00:00:00 CET 2011;307
Fri Nov 11 00:00:00 CET 2011;206;Mon Nov 14 00:00:00 CET 2011;331
Mon Nov 14 00:00:00 CET 2011;192;Tue Nov 15 00:00:00 CET 2011;344
Tue Nov 15 00:00:00 CET 2011;226;Wed Nov 16 00:00:00 CET 2011;342
Wed Nov 16 00:00:00 CET 2011;228;Thu Nov 17 00:00:00 CET 2011;359
Thu Nov 17 00:00:00 CET 2011;227;Fri Nov 18 00:00:00 CET 2011;373
Fri Nov 18 00:00:00 CET 2011;236;Mon Nov 21 00:00:00 CET 2011;370
Mon Nov 21 00:00:00 CET 2011;232;Tue Nov 22 00:00:00 CET 2011;378
Tue Nov 22 00:00:00 CET 2011;234;Wed Nov 23 00:00:00 CET 2011;424
Wed Nov 23 00:00:00 CET 2011;253;Thu Nov 24 00:00:00 CET 2011;407
Thu Nov 24 00:00:00 CET 2011;259;Fri Nov 25 00:00:00 CET 2011;403
Fri Nov 25 00:00:00 CET 2011;217;Mon Nov 28 00:00:00 CET 2011;413
Mon Nov 28 00:00:00 CET 2011;248;Tue Nov 29 00:00:00 CET 2011;415
Tue Nov 29 00:00:00 CET 2011;265;Wed Nov 30 00:00:00 CET 2011;401
Wed Nov 30 00:00:00 CET 2011;249;Thu Dec 01 00:00:00 CET 2011;408
Thu Dec 01 00:00:00 CET 2011;263;Fri Dec 02 00:00:00 CET 2011;403
Fri Dec 02 00:00:00 CET 2011;280;Sun Dec 04 00:00:00 CET 2011;377
Mon Dec 05 00:00:00 CET 2011;236;Mon Dec 05 00:00:00 CET 2011;395
Tue Dec 06 00:00:00 CET 2011;253;Tue Dec 06 00:00:00 CET 2011;399
Wed Dec 07 00:00:00 CET 2011;268;Wed Dec 07 00:00:00 CET 2011;407
Thu Dec 08 00:00:00 CET 2011;276;Thu Dec 08 00:00:00 CET 2011;405
Fri Dec 09 00:00:00 CET 2011;274;Fri Dec 09 00:00:00 CET 2011;421
Sat Dec 10 00:00:00 CET 2011;260;Sun Dec 11 00:00:00 CET 2011;389
Sun Dec 11 00:00:00 CET 2011;246;Mon Dec 12 00:00:00 CET 2011;405
Mon Dec 12 00:00:00 CET 2011;268;Tue Dec 13 00:00:00 CET 2011;439
Tue Dec 13 00:00:00 CET 2011;309;Wed Dec 14 00:00:00 CET 2011;412
Wed Dec 14 00:00:00 CET 2011;283;Thu Dec 15 00:00:00 CET 2011;404
Thu Dec 15 00:00:00 CET 2011;275;Fri Dec 16 00:00:00 CET 2011;408
Fri Dec 16 00:00:00 CET 2011;265;Mon Dec 19 00:00:00 CET 2011;424
Mon Dec 19 00:00:00 CET 2011;238;Tue Dec 20 00:00:00 CET 2011;441
Tue Dec 20 00:00:00 CET 2011;255;Wed Dec 21 00:00:00 CET 2011;430
Wed Dec 21 00:00:00 CET 2011;270;Thu Dec 22 00:00:00 CET 2011;417
Thu Dec 22 00:00:00 CET 2011;267;Fri Dec 23 00:00:00 CET 2011;412
Fri Dec 23 00:00:00 CET 2011;241;Mon Dec 26 00:00:00 CET 2011;417
Mon Dec 26 00:00:00 CET 2011;229;Tue Dec 27 00:00:00 CET 2011;411
Tue Dec 27 00:00:00 CET 2011;235;Wed Dec 28 00:00:00 CET 2011;419
Wed Dec 28 00:00:00 CET 2011;237;Thu Dec 29 00:00:00 CET 2011;412
Thu Dec 29 00:00:00 CET 2011;233;Fri Dec 30 00:00:00 CET 2011;408
Fri Dec 30 00:00:00 CET 2011;234;Mon Jan 02 00:00:00 CET 2012;420
Mon Jan 02 00:00:00 CET 2012;250;Tue Jan 03 00:00:00 CET 2012;496
Tue Jan 03 00:00:00 CET 2012;273;Wed Jan 04 00:00:00 CET 2012;487
Wed Jan 04 00:00:00 CET 2012;288;Thu Jan 05 00:00:00 CET 2012;483
Thu Jan 05 00:00:00 CET 2012;299;Fri Jan 06 00:00:00 CET 2012;499
Fri Jan 06 00:00:00 CET 2012;290;Sat Jan 07 00:00:00 CET 2012;482
Mon Jan 09 00:00:00 CET 2012;298;Mon Jan 09 00:00:00 CET 2012;511
Tue Jan 10 00:00:00 CET 2012;315;Tue Jan 10 00:00:00 CET 2012;507
Wed Jan 11 00:00:00 CET 2012;284;Wed Jan 11 00:00:00 CET 2012;520
Thu Jan 12 00:00:00 CET 2012;288;Thu Jan 12 00:00:00 CET 2012;545
Fri Jan 13 00:00:00 CET 2012;283;Fri Jan 13 00:00:00 CET 2012;523
Mon Jan 16 00:00:00 CET 2012;283;Sat Jan 14 00:00:00 CET 2012;517
Tue Jan 17 00:00:00 CET 2012;322;Mon Jan 16 00:00:00 CET 2012;567
Wed Jan 18 00:00:00 CET 2012;338;Tue Jan 17 00:00:00 CET 2012;562
Thu Jan 19 00:00:00 CET 2012;321;Wed Jan 18 00:00:00 CET 2012;544
Fri Jan 20 00:00:00 CET 2012;326;Thu Jan 19 00:00:00 CET 2012;529
Mon Jan 23 00:00:00 CET 2012;298;Fri Jan 20 00:00:00 CET 2012;504
Tue Jan 24 00:00:00 CET 2012;309;Mon Jan 23 00:00:00 CET 2012;515
Wed Jan 25 00:00:00 CET 2012;279;Tue Jan 24 00:00:00 CET 2012;489
Thu Jan 26 00:00:00 CET 2012;267;Wed Jan 25 00:00:00 CET 2012;478
Fri Jan 27 00:00:00 CET 2012;271;Thu Jan 26 00:00:00 CET 2012;449
Mon Jan 30 00:00:00 CET 2012;263;Fri Jan 27 00:00:00 CET 2012;454
Tue Jan 31 00:00:00 CET 2012;295;Mon Jan 30 00:00:00 CET 2012;454
Wed Feb 01 00:00:00 CET 2012;276;Tue Jan 31 00:00:00 CET 2012;467
Thu Feb 02 00:00:00 CET 2012;283;Wed Feb 01 00:00:00 CET 2012;439
Fri Feb 03 00:00:00 CET 2012;276;Thu Feb 02 00:00:00 CET 2012;445
Mon Feb 06 00:00:00 CET 2012;231;Fri Feb 03 00:00:00 CET 2012;439
Tue Feb 07 00:00:00 CET 2012;254;Mon Feb 06 00:00:00 CET 2012;451
Wed Feb 08 00:00:00 CET 2012;274;Tue Feb 07 00:00:00 CET 2012;476
Thu Feb 09 00:00:00 CET 2012;262;Wed Feb 08 00:00:00 CET 2012;484
Fri Feb 10 00:00:00 CET 2012;274;Thu Feb 09 00:00:00 CET 2012;461
Mon Feb 13 00:00:00 CET 2012;234;Fri Feb 10 00:00:00 CET 2012;449
Tue Feb 14 00:00:00 CET 2012;270;Mon Feb 13 00:00:00 CET 2012;443
Wed Feb 15 00:00:00 CET 2012;275;Tue Feb 14 00:00:00 CET 2012;457
Thu Feb 16 00:00:00 CET 2012;257;Wed Feb 15 00:00:00 CET 2012;446
Fri Feb 17 00:00:00 CET 2012;247;Thu Feb 16 00:00:00 CET 2012;438
Mon Feb 20 00:00:00 CET 2012;239;Fri Feb 17 00:00:00 CET 2012;431
Tue Feb 21 00:00:00 CET 2012;266;Mon Feb 20 00:00:00 CET 2012;436
Wed Feb 22 00:00:00 CET 2012;270;Tue Feb 21 00:00:00 CET 2012;448
Thu Feb 23 00:00:00 CET 2012;268;Wed Feb 22 00:00:00 CET 2012;436
Fri Feb 24 00:00:00 CET 2012;277;Thu Feb 23 00:00:00 CET 2012;433
Mon Feb 27 00:00:00 CET 2012;271;Fri Feb 24 00:00:00 CET 2012;427
Tue Feb 28 00:00:00 CET 2012;274;Mon Feb 27 00:00:00 CET 2012;416
Wed Feb 29 00:00:00 CET 2012;291;Tue Feb 28 00:00:00 CET 2012;419
Thu Mar 01 00:00:00 CET 2012;309;Wed Feb 29 00:00:00 CET 2012;436
Fri Mar 02 00:00:00 CET 2012;306;Thu Mar 01 00:00:00 CET 2012;432
Sat Mar 03 00:00:00 CET 2012;279;Fri Mar 02 00:00:00 CET 2012;418
Sun Mar 04 00:00:00 CET 2012;244;Sat Mar 03 00:00:00 CET 2012;395
Mon Mar 05 00:00:00 CET 2012;268;Mon Mar 05 00:00:00 CET 2012;421
Tue Mar 06 00:00:00 CET 2012;290;Tue Mar 06 00:00:00 CET 2012;420
Wed Mar 07 00:00:00 CET 2012;292;Wed Mar 07 00:00:00 CET 2012;419
Thu Mar 08 00:00:00 CET 2012;294;Thu Mar 08 00:00:00 CET 2012;410
Fri Mar 09 00:00:00 CET 2012;294;Fri Mar 09 00:00:00 CET 2012;398
Mon Mar 12 00:00:00 CET 2012;281;Mon Mar 12 00:00:00 CET 2012;400
Tue Mar 13 00:00:00 CET 2012;296;Tue Mar 13 00:00:00 CET 2012;395
Wed Mar 14 00:00:00 CET 2012;287;Wed Mar 14 00:00:00 CET 2012;390
Thu Mar 15 00:00:00 CET 2012;280;Thu Mar 15 00:00:00 CET 2012;390
Fri Mar 16 00:00:00 CET 2012;256;Fri Mar 16 00:00:00 CET 2012;387
Mon Mar 19 00:00:00 CET 2012;229;Mon Mar 19 00:00:00 CET 2012;397
Tue Mar 20 00:00:00 CET 2012;255;Tue Mar 20 00:00:00 CET 2012;399
Wed Mar 21 00:00:00 CET 2012;256;Wed Mar 21 00:00:00 CET 2012;386
Thu Mar 22 00:00:00 CET 2012;265;Thu Mar 22 00:00:00 CET 2012;373
Fri Mar 23 00:00:00 CET 2012;255;Fri Mar 23 00:00:00 CET 2012;351
Mon Mar 26 00:00:00 CEST 2012;233;Sun Mar 25 00:00:00 CET 2012;346
Tue Mar 27 00:00:00 CEST 2012;253;Mon Mar 26 00:00:00 CEST 2012;370
Wed Mar 28 00:00:00 CEST 2012;250;Tue Mar 27 00:00:00 CEST 2012;394
Thu Mar 29 00:00:00 CEST 2012;227;Wed Mar 28 00:00:00 CEST 2012;377
Fri Mar 30 00:00:00 CEST 2012;227;Thu Mar 29 00:00:00 CEST 2012;374
Mon Apr 02 00:00:00 CEST 2012;203;Fri Mar 30 00:00:00 CEST 2012;390
Tue Apr 03 00:00:00 CEST 2012;213;Mon Apr 02 00:00:00 CEST 2012;391
Wed Apr 04 00:00:00 CEST 2012;215;Tue Apr 03 00:00:00 CEST 2012;391
Thu Apr 05 00:00:00 CEST 2012;223;Wed Apr 04 00:00:00 CEST 2012;394
Fri Apr 06 00:00:00 CEST 2012;215;Thu Apr 05 00:00:00 CEST 2012;390
Mon Apr 09 00:00:00 CEST 2012;212;Fri Apr 06 00:00:00 CEST 2012;382
Tue Apr 10 00:00:00 CEST 2012;222;Mon Apr 09 00:00:00 CEST 2012;385
Wed Apr 11 00:00:00 CEST 2012;244;Tue Apr 10 00:00:00 CEST 2012;383
Thu Apr 12 00:00:00 CEST 2012;255;Wed Apr 11 00:00:00 CEST 2012;392
Fri Apr 13 00:00:00 CEST 2012;249;Thu Apr 12 00:00:00 CEST 2012;389
Sat Apr 14 00:00:00 CEST 2012;234;Fri Apr 13 00:00:00 CEST 2012;384
Mon Apr 16 00:00:00 CEST 2012;241;Mon Apr 16 00:00:00 CEST 2012;390
Tue Apr 17 00:00:00 CEST 2012;248;Tue Apr 17 00:00:00 CEST 2012;385
Wed Apr 18 00:00:00 CEST 2012;253;Wed Apr 18 00:00:00 CEST 2012;385
Thu Apr 19 00:00:00 CEST 2012;254;Thu Apr 19 00:00:00 CEST 2012;400
Fri Apr 20 00:00:00 CEST 2012;248;Fri Apr 20 00:00:00 CEST 2012;393
Mon Apr 23 00:00:00 CEST 2012;215;Mon Apr 23 00:00:00 CEST 2012;383
Tue Apr 24 00:00:00 CEST 2012;238;Tue Apr 24 00:00:00 CEST 2012;404
Wed Apr 25 00:00:00 CEST 2012;248;Wed Apr 25 00:00:00 CEST 2012;406
Thu Apr 26 00:00:00 CEST 2012;252;Thu Apr 26 00:00:00 CEST 2012;391
Fri Apr 27 00:00:00 CEST 2012;256;Fri Apr 27 00:00:00 CEST 2012;396
Mon Apr 30 00:00:00 CEST 2012;233;Mon Apr 30 00:00:00 CEST 2012;401
Wed May 02 00:00:00 CEST 2012;254;Wed May 02 00:00:00 CEST 2012;413
Thu May 03 00:00:00 CEST 2012;280;Thu May 03 00:00:00 CEST 2012;397
Fri May 04 00:00:00 CEST 2012;292;Fri May 04 00:00:00 CEST 2012;392
Mon May 07 00:00:00 CEST 2012;278;Mon May 07 00:00:00 CEST 2012;370
Tue May 08 00:00:00 CEST 2012;309;Tue May 08 00:00:00 CEST 2012;375
Wed May 09 00:00:00 CEST 2012;333;Wed May 09 00:00:00 CEST 2012;377
Thu May 10 00:00:00 CEST 2012;313;Thu May 10 00:00:00 CEST 2012;353
Fri May 11 00:00:00 CEST 2012;303;Fri May 11 00:00:00 CEST 2012;366
Sun May 13 00:00:00 CEST 2012;246;Sun May 13 00:00:00 CEST 2012;340
Mon May 14 00:00:00 CEST 2012;279;Mon May 14 00:00:00 CEST 2012;360
Tue May 15 00:00:00 CEST 2012;301;Tue May 15 00:00:00 CEST 2012;358
Wed May 16 00:00:00 CEST 2012;298;Wed May 16 00:00:00 CEST 2012;352
Thu May 17 00:00:00 CEST 2012;283;Thu May 17 00:00:00 CEST 2012;342
Fri May 18 00:00:00 CEST 2012;277;Fri May 18 00:00:00 CEST 2012;345
Sun May 20 00:00:00 CEST 2012;261;Sun May 20 00:00:00 CEST 2012;334
Mon May 21 00:00:00 CEST 2012;282;Mon May 21 00:00:00 CEST 2012;352
Tue May 22 00:00:00 CEST 2012;292;Tue May 22 00:00:00 CEST 2012;351
Wed May 23 00:00:00 CEST 2012;305;Wed May 23 00:00:00 CEST 2012;443
Thu May 24 00:00:00 CEST 2012;321;Thu May 24 00:00:00 CEST 2012;436
Fri May 25 00:00:00 CEST 2012;320;Fri May 25 00:00:00 CEST 2012;409
Sat May 26 00:00:00 CEST 2012;291;Sat May 26 00:00:00 CEST 2012;384
Mon May 28 00:00:00 CEST 2012;294;Sun May 27 00:00:00 CEST 2012;384
Tue May 29 00:00:00 CEST 2012;314;Mon May 28 00:00:00 CEST 2012;400
Wed May 30 00:00:00 CEST 2012;324;Tue May 29 00:00:00 CEST 2012;395
Thu May 31 00:00:00 CEST 2012;319;Wed May 30 00:00:00 CEST 2012;397
Fri Jun 01 00:00:00 CEST 2012;314;Thu May 31 00:00:00 CEST 2012;379
Sat Jun 02 00:00:00 CEST 2012;307;Fri Jun 01 00:00:00 CEST 2012;390
Mon Jun 04 00:00:00 CEST 2012;318;Mon Jun 04 00:00:00 CEST 2012;388
Tue Jun 05 00:00:00 CEST 2012;316;Tue Jun 05 00:00:00 CEST 2012;379
Wed Jun 06 00:00:00 CEST 2012;326;Wed Jun 06 00:00:00 CEST 2012;410
Thu Jun 07 00:00:00 CEST 2012;318;Thu Jun 07 00:00:00 CEST 2012;398
Fri Jun 08 00:00:00 CEST 2012;310;Fri Jun 08 00:00:00 CEST 2012;395
Sat Jun 09 00:00:00 CEST 2012;292;Sat Jun 09 00:00:00 CEST 2012;384
Sun Jun 10 00:00:00 CEST 2012;285;Sun Jun 10 00:00:00 CEST 2012;381
Mon Jun 11 00:00:00 CEST 2012;317;Mon Jun 11 00:00:00 CEST 2012;419
Tue Jun 12 00:00:00 CEST 2012;356;Tue Jun 12 00:00:00 CEST 2012;445
Wed Jun 13 00:00:00 CEST 2012;371;Wed Jun 13 00:00:00 CEST 2012;435
Thu Jun 14 00:00:00 CEST 2012;356;Thu Jun 14 00:00:00 CEST 2012;423
Fri Jun 15 00:00:00 CEST 2012;357;Fri Jun 15 00:00:00 CEST 2012;424
Sat Jun 16 00:00:00 CEST 2012;325;Sat Jun 16 00:00:00 CEST 2012;394
Sun Jun 17 00:00:00 CEST 2012;303;Mon Jun 18 00:00:00 CEST 2012;427
Mon Jun 18 00:00:00 CEST 2012;347;Tue Jun 19 00:00:00 CEST 2012;425
Tue Jun 19 00:00:00 CEST 2012;399;Wed Jun 20 00:00:00 CEST 2012;404
Wed Jun 20 00:00:00 CEST 2012;394;Thu Jun 21 00:00:00 CEST 2012;397
Thu Jun 21 00:00:00 CEST 2012;372;Fri Jun 22 00:00:00 CEST 2012;385
Fri Jun 22 00:00:00 CEST 2012;363;Mon Jun 25 00:00:00 CEST 2012;390
Mon Jun 25 00:00:00 CEST 2012;334;Tue Jun 26 00:00:00 CEST 2012;372
Tue Jun 26 00:00:00 CEST 2012;382;Wed Jun 27 00:00:00 CEST 2012;341
Wed Jun 27 00:00:00 CEST 2012;387;Thu Jun 28 00:00:00 CEST 2012;337
Thu Jun 28 00:00:00 CEST 2012;369;Fri Jun 29 00:00:00 CEST 2012;344
Fri Jun 29 00:00:00 CEST 2012;377;Sat Jun 30 00:00:00 CEST 2012;311
Sat Jun 30 00:00:00 CEST 2012;329;Sun Jul 01 00:00:00 CEST 2012;314
Mon Jul 02 00:00:00 CEST 2012;296;Mon Jul 02 00:00:00 CEST 2012;333
Tue Jul 03 00:00:00 CEST 2012;305;Tue Jul 03 00:00:00 CEST 2012;337
Wed Jul 04 00:00:00 CEST 2012;296;Wed Jul 04 00:00:00 CEST 2012;320
Thu Jul 05 00:00:00 CEST 2012;277;Thu Jul 05 00:00:00 CEST 2012;320
Fri Jul 06 00:00:00 CEST 2012;248;Fri Jul 06 00:00:00 CEST 2012;317
Mon Jul 09 00:00:00 CEST 2012;242;Mon Jul 09 00:00:00 CEST 2012;315
Tue Jul 10 00:00:00 CEST 2012;267;Tue Jul 10 00:00:00 CEST 2012;312
Wed Jul 11 00:00:00 CEST 2012;273;Wed Jul 11 00:00:00 CEST 2012;311
Thu Jul 12 00:00:00 CEST 2012;271;Thu Jul 12 00:00:00 CEST 2012;312
Fri Jul 13 00:00:00 CEST 2012;269;Fri Jul 13 00:00:00 CEST 2012;300
Sat Jul 14 00:00:00 CEST 2012;248;Mon Jul 16 00:00:00 CEST 2012;294
Mon Jul 16 00:00:00 CEST 2012;244;Tue Jul 17 00:00:00 CEST 2012;290
Tue Jul 17 00:00:00 CEST 2012;246;Wed Jul 18 00:00:00 CEST 2012;288
Wed Jul 18 00:00:00 CEST 2012;231;Thu Jul 19 00:00:00 CEST 2012;283
Thu Jul 19 00:00:00 CEST 2012;244;Fri Jul 20 00:00:00 CEST 2012;276
Fri Jul 20 00:00:00 CEST 2012;251;Mon Jul 23 00:00:00 CEST 2012;269
Mon Jul 23 00:00:00 CEST 2012;234;Tue Jul 24 00:00:00 CEST 2012;261
Tue Jul 24 00:00:00 CEST 2012;236;Wed Jul 25 00:00:00 CEST 2012;262
Wed Jul 25 00:00:00 CEST 2012;232;Thu Jul 26 00:00:00 CEST 2012;264
Thu Jul 26 00:00:00 CEST 2012;230;Fri Jul 27 00:00:00 CEST 2012;259
Fri Jul 27 00:00:00 CEST 2012;223;Mon Jul 30 00:00:00 CEST 2012;261
Mon Jul 30 00:00:00 CEST 2012;217;Tue Jul 31 00:00:00 CEST 2012;252
Tue Jul 31 00:00:00 CEST 2012;226;Wed Aug 01 00:00:00 CEST 2012;241
Wed Aug 01 00:00:00 CEST 2012;224;Thu Aug 02 00:00:00 CEST 2012;249
Thu Aug 02 00:00:00 CEST 2012;227;Fri Aug 03 00:00:00 CEST 2012;246
Fri Aug 03 00:00:00 CEST 2012;227;Mon Aug 06 00:00:00 CEST 2012;288
Mon Aug 06 00:00:00 CEST 2012;212;Tue Aug 07 00:00:00 CEST 2012;284
Tue Aug 07 00:00:00 CEST 2012;228;Wed Aug 08 00:00:00 CEST 2012;289
Wed Aug 08 00:00:00 CEST 2012;234;Thu Aug 09 00:00:00 CEST 2012;281
Thu Aug 09 00:00:00 CEST 2012;239;Fri Aug 10 00:00:00 CEST 2012;270
Fri Aug 10 00:00:00 CEST 2012;240;Sat Aug 11 00:00:00 CEST 2012;250
Sun Aug 12 00:00:00 CEST 2012;202;Sun Aug 12 00:00:00 CEST 2012;252
Mon Aug 13 00:00:00 CEST 2012;218;Mon Aug 13 00:00:00 CEST 2012;270
Tue Aug 14 00:00:00 CEST 2012;248;Tue Aug 14 00:00:00 CEST 2012;282
Wed Aug 15 00:00:00 CEST 2012;236;Wed Aug 15 00:00:00 CEST 2012;264
Thu Aug 16 00:00:00 CEST 2012;236;Thu Aug 16 00:00:00 CEST 2012;297
Fri Aug 17 00:00:00 CEST 2012;252;Fri Aug 17 00:00:00 CEST 2012;300
Mon Aug 20 00:00:00 CEST 2012;236;Sat Aug 18 00:00:00 CEST 2012;276
Tue Aug 21 00:00:00 CEST 2012;260;Sun Aug 19 00:00:00 CEST 2012;278
Wed Aug 22 00:00:00 CEST 2012;262;Mon Aug 20 00:00:00 CEST 2012;303
Thu Aug 23 00:00:00 CEST 2012;255;Tue Aug 21 00:00:00 CEST 2012;298
Fri Aug 24 00:00:00 CEST 2012;274;Wed Aug 22 00:00:00 CEST 2012;302
Mon Aug 27 00:00:00 CEST 2012;255;Thu Aug 23 00:00:00 CEST 2012;300
Tue Aug 28 00:00:00 CEST 2012;281;Fri Aug 24 00:00:00 CEST 2012;295
Wed Aug 29 00:00:00 CEST 2012;292;Mon Aug 27 00:00:00 CEST 2012;276
Thu Aug 30 00:00:00 CEST 2012;277;Tue Aug 28 00:00:00 CEST 2012;281
Fri Aug 31 00:00:00 CEST 2012;259;Wed Aug 29 00:00:00 CEST 2012;276
Mon Sep 03 00:00:00 CEST 2012;230;Thu Aug 30 00:00:00 CEST 2012;280
Tue Sep 04 00:00:00 CEST 2012;234;Fri Aug 31 00:00:00 CEST 2012;286
Wed Sep 05 00:00:00 CEST 2012;238;Sun Sep 02 00:00:00 CEST 2012;259
Thu Sep 06 00:00:00 CEST 2012;262;Mon Sep 03 00:00:00 CEST 2012;280
Fri Sep 07 00:00:00 CEST 2012;243;Tue Sep 04 00:00:00 CEST 2012;282
Mon Sep 10 00:00:00 CEST 2012;210;Wed Sep 05 00:00:00 CEST 2012;289
Tue Sep 11 00:00:00 CEST 2012;225;Thu Sep 06 00:00:00 CEST 2012;275
Wed Sep 12 00:00:00 CEST 2012;226;Fri Sep 07 00:00:00 CEST 2012;276
Thu Sep 13 00:00:00 CEST 2012;226;Sat Sep 08 00:00:00 CEST 2012;263
Fri Sep 14 00:00:00 CEST 2012;228;Mon Sep 10 00:00:00 CEST 2012;287
Sun Sep 16 00:00:00 CEST 2012;176;Tue Sep 11 00:00:00 CEST 2012;269
Mon Sep 17 00:00:00 CEST 2012;206;Wed Sep 12 00:00:00 CEST 2012;272
Tue Sep 18 00:00:00 CEST 2012;227;Thu Sep 13 00:00:00 CEST 2012;269
Wed Sep 19 00:00:00 CEST 2012;229;Fri Sep 14 00:00:00 CEST 2012;258
Thu Sep 20 00:00:00 CEST 2012;216;Sun Sep 16 00:00:00 CEST 2012;237
Fri Sep 21 00:00:00 CEST 2012;221;Mon Sep 17 00:00:00 CEST 2012;272
Mon Sep 24 00:00:00 CEST 2012;186;Tue Sep 18 00:00:00 CEST 2012;274
Tue Sep 25 00:00:00 CEST 2012;197;Wed Sep 19 00:00:00 CEST 2012;272
Wed Sep 26 00:00:00 CEST 2012;199;Thu Sep 20 00:00:00 CEST 2012;256
Thu Sep 27 00:00:00 CEST 2012;216;Fri Sep 21 00:00:00 CEST 2012;278
Fri Sep 28 00:00:00 CEST 2012;200;Mon Sep 24 00:00:00 CEST 2012;258
Sat Sep 29 00:00:00 CEST 2012;167;Tue Sep 25 00:00:00 CEST 2012;259
Mon Oct 01 00:00:00 CEST 2012;175;Wed Sep 26 00:00:00 CEST 2012;277
Tue Oct 02 00:00:00 CEST 2012;182;Thu Sep 27 00:00:00 CEST 2012;254
Wed Oct 03 00:00:00 CEST 2012;182;Fri Sep 28 00:00:00 CEST 2012;256
Thu Oct 04 00:00:00 CEST 2012;178;Sat Sep 29 00:00:00 CEST 2012;229
Fri Oct 05 00:00:00 CEST 2012;198;Sun Sep 30 00:00:00 CEST 2012;229
Mon Oct 08 00:00:00 CEST 2012;182;Mon Oct 01 00:00:00 CEST 2012;256
Tue Oct 09 00:00:00 CEST 2012;194;Tue Oct 02 00:00:00 CEST 2012;246
Wed Oct 10 00:00:00 CEST 2012;186;Wed Oct 03 00:00:00 CEST 2012;262
Thu Oct 11 00:00:00 CEST 2012;173;Thu Oct 04 00:00:00 CEST 2012;266
Fri Oct 12 00:00:00 CEST 2012;184;Fri Oct 05 00:00:00 CEST 2012;270
Sat Oct 13 00:00:00 CEST 2012;175;Mon Oct 08 00:00:00 CEST 2012;252
Mon Oct 15 00:00:00 CEST 2012;170;Tue Oct 09 00:00:00 CEST 2012;244
Tue Oct 16 00:00:00 CEST 2012;193;Wed Oct 10 00:00:00 CEST 2012;249
Wed Oct 17 00:00:00 CEST 2012;209;Thu Oct 11 00:00:00 CEST 2012;247
Thu Oct 18 00:00:00 CEST 2012;210;Fri Oct 12 00:00:00 CEST 2012;244
Fri Oct 19 00:00:00 CEST 2012;208;Mon Oct 15 00:00:00 CEST 2012;244
Mon Oct 22 00:00:00 CEST 2012;173;Tue Oct 16 00:00:00 CEST 2012;250
Tue Oct 23 00:00:00 CEST 2012;185;Wed Oct 17 00:00:00 CEST 2012;248
Wed Oct 24 00:00:00 CEST 2012;170;Thu Oct 18 00:00:00 CEST 2012;231
Thu Oct 25 00:00:00 CEST 2012;178;Fri Oct 19 00:00:00 CEST 2012;225
Fri Oct 26 00:00:00 CEST 2012;188;Mon Oct 22 00:00:00 CEST 2012;214
Sat Oct 27 00:00:00 CEST 2012;171;Tue Oct 23 00:00:00 CEST 2012;207
Sun Oct 28 00:00:00 CEST 2012;165;Wed Oct 24 00:00:00 CEST 2012;197
Mon Oct 29 00:00:00 CET 2012;186;Thu Oct 25 00:00:00 CEST 2012;209
Tue Oct 30 00:00:00 CET 2012;206;Fri Oct 26 00:00:00 CEST 2012;215
Wed Oct 31 00:00:00 CET 2012;194;Sat Oct 27 00:00:00 CEST 2012;198
Thu Nov 01 00:00:00 CET 2012;184;Sun Oct 28 00:00:00 CEST 2012;197
Fri Nov 02 00:00:00 CET 2012;195;Mon Oct 29 00:00:00 CET 2012;214
Sat Nov 03 00:00:00 CET 2012;179;Tue Oct 30 00:00:00 CET 2012;227
Mon Nov 05 00:00:00 CET 2012;161;Wed Oct 31 00:00:00 CET 2012;217
Tue Nov 06 00:00:00 CET 2012;173;Thu Nov 01 00:00:00 CET 2012;210
Wed Nov 07 00:00:00 CET 2012;171;Fri Nov 02 00:00:00 CET 2012;206
Thu Nov 08 00:00:00 CET 2012;160;Sat Nov 03 00:00:00 CET 2012;184
Fri Nov 09 00:00:00 CET 2012;164;Mon Nov 05 00:00:00 CET 2012;198
Sat Nov 10 00:00:00 CET 2012;142;Tue Nov 06 00:00:00 CET 2012;200
Mon Nov 12 00:00:00 CET 2012;141;Wed Nov 07 00:00:00 CET 2012;194
Tue Nov 13 00:00:00 CET 2012;148;Thu Nov 08 00:00:00 CET 2012;193
Wed Nov 14 00:00:00 CET 2012;149;Fri Nov 09 00:00:00 CET 2012;190
Thu Nov 15 00:00:00 CET 2012;160;Sat Nov 10 00:00:00 CET 2012;178
Fri Nov 16 00:00:00 CET 2012;167;Mon Nov 12 00:00:00 CET 2012;180
Mon Nov 19 00:00:00 CET 2012;158;Tue Nov 13 00:00:00 CET 2012;182
Tue Nov 20 00:00:00 CET 2012;189;Wed Nov 14 00:00:00 CET 2012;181
Wed Nov 21 00:00:00 CET 2012;176;Thu Nov 15 00:00:00 CET 2012;181
Thu Nov 22 00:00:00 CET 2012;177;Fri Nov 16 00:00:00 CET 2012;189
Fri Nov 23 00:00:00 CET 2012;180;Mon Nov 19 00:00:00 CET 2012;188
Sat Nov 24 00:00:00 CET 2012;154;Tue Nov 20 00:00:00 CET 2012;180
Sun Nov 25 00:00:00 CET 2012;133;Wed Nov 21 00:00:00 CET 2012;161
Mon Nov 26 00:00:00 CET 2012;147;Thu Nov 22 00:00:00 CET 2012;158
Tue Nov 27 00:00:00 CET 2012;164;Fri Nov 23 00:00:00 CET 2012;152
Wed Nov 28 00:00:00 CET 2012;167;Mon Nov 26 00:00:00 CET 2012;146
Thu Nov 29 00:00:00 CET 2012;168;Tue Nov 27 00:00:00 CET 2012;131
Fri Nov 30 00:00:00 CET 2012;148;Wed Nov 28 00:00:00 CET 2012;121
Mon Dec 03 00:00:00 CET 2012;147;Thu Nov 29 00:00:00 CET 2012;116
Tue Dec 04 00:00:00 CET 2012;167;Fri Nov 30 00:00:00 CET 2012;105
Wed Dec 05 00:00:00 CET 2012;173;Sat Dec 01 00:00:00 CET 2012;101
Thu Dec 06 00:00:00 CET 2012;183;Mon Dec 03 00:00:00 CET 2012;119
Fri Dec 07 00:00:00 CET 2012;187;Tue Dec 04 00:00:00 CET 2012;110
Sat Dec 08 00:00:00 CET 2012;167;Wed Dec 05 00:00:00 CET 2012;105
Mon Dec 10 00:00:00 CET 2012;152;Thu Dec 06 00:00:00 CET 2012;117
Tue Dec 11 00:00:00 CET 2012;176;Fri Dec 07 00:00:00 CET 2012;123
Wed Dec 12 00:00:00 CET 2012;175;Sat Dec 08 00:00:00 CET 2012;98
Thu Dec 13 00:00:00 CET 2012;155;Mon Dec 10 00:00:00 CET 2012;167
Fri Dec 14 00:00:00 CET 2012;145;Tue Dec 11 00:00:00 CET 2012;171
Mon Dec 17 00:00:00 CET 2012;136;Wed Dec 12 00:00:00 CET 2012;145
Tue Dec 18 00:00:00 CET 2012;149;Thu Dec 13 00:00:00 CET 2012;122
Wed Dec 19 00:00:00 CET 2012;163;Fri Dec 14 00:00:00 CET 2012;112
Thu Dec 20 00:00:00 CET 2012;164;Mon Dec 17 00:00:00 CET 2012;91
Fri Dec 21 00:00:00 CET 2012;165;Tue Dec 18 00:00:00 CET 2012;74
Mon Dec 24 00:00:00 CET 2012;110;Wed Dec 19 00:00:00 CET 2012;60
Wed Dec 26 00:00:00 CET 2012;91;Thu Dec 20 00:00:00 CET 2012;49
Thu Dec 27 00:00:00 CET 2012;94;Fri Dec 21 00:00:00 CET 2012;40
Fri Dec 28 00:00:00 CET 2012;69;Mon Dec 24 00:00:00 CET 2012;31
Sun Dec 30 00:00:00 CET 2012;53;Wed Dec 26 00:00:00 CET 2012;22
Tue Jan 01 00:00:00 CET 2013;48;Thu Dec 27 00:00:00 CET 2012;25
Wed Jan 02 00:00:00 CET 2013;46;Fri Dec 28 00:00:00 CET 2012;21
Thu Jan 03 00:00:00 CET 2013;52;Wed Jan 02 00:00:00 CET 2013;20
Fri Jan 04 00:00:00 CET 2013;46;Thu Jan 03 00:00:00 CET 2013;23
Sat Jan 05 00:00:00 CET 2013;42;Fri Jan 04 00:00:00 CET 2013;17
Mon Jan 07 00:00:00 CET 2013;40;Mon Jan 07 00:00:00 CET 2013;15
Tue Jan 08 00:00:00 CET 2013;35;Tue Jan 08 00:00:00 CET 2013;11
Wed Jan 09 00:00:00 CET 2013;28;Thu Jan 10 00:00:00 CET 2013;5
Thu Jan 10 00:00:00 CET 2013;21;;
Fri Jan 11 00:00:00 CET 2013;22;;
Avrage WIP;187.36;;271.46
Sum;158507;;229111
