Neon,3,07-09-2010,2010-3, Kanban
Neon,3,10-02-2011,2011-1, Kanban
Neon,3,18-02-2011,2011-1, Kanban
Neon,3,12-05-2011,2011-2, Kanban
Neon,3,15-06-2011,2011-2, Kanban
Neon,3,22-06-2011,2011-2, Kanban
Neon,3,05-08-2011,2011-3, Kanban
Neon,3,27-02-2012,2012-1, Kanban
Neon,3,01-03-2012,2012-1, Kanban
Neon,3,17-05-2012,2012-2, Kanban
Neon,3,05-09-2012,2012-3, Kanban
Neon,3,19-09-2012,2012-3, Kanban
Neon,3,17-11-2012,2012-4, Kanban
Neon,4,25-11-2010,2010-4, Kanban
Neon,4,02-10-2011,2011-4, Kanban
Neon,4,05-09-2011,2011-3, Kanban
Neon,4,24-02-2012,2012-1, Kanban
Neon,4,09-11-2011,2011-4, Kanban
Neon,4,28-10-2012,2012-4, Kanban
Neon,5,11-11-2010,2010-4, Kanban
Neon,5,23-05-2011,2011-2, Kanban
Neon,5,01-06-2011,2011-2, Kanban
Neon,5,05-12-2011,2011-4, Kanban
Neon,5,10-12-2012,2012-4, Kanban
Neon,6,21-01-2011,2011-1, Kanban
Neon,6,15-08-2011,2011-3, Kanban
Neon,6,14-06-2011,2011-2, Kanban
Neon,6,28-06-2011,2011-2, Kanban
Neon,6,31-10-2011,2011-4, Kanban
Neon,6,08-03-2012,2012-1, Kanban
Neon,6,25-01-2012,2012-1, Kanban
Neon,6,02-05-2012,2012-2, Kanban
Neon,6,29-05-2012,2012-2, Kanban
Neon,7,25-08-2011,2011-3, Kanban
Neon,7,16-09-2011,2011-3, Kanban
Neon,7,14-06-2012,2012-2, Kanban
Neon,8,28-01-2011,2011-1, Kanban
Neon,8,28-02-2011,2011-1, Kanban
Neon,8,25-07-2011,2011-3, Kanban
Neon,9,11-10-2010,2010-4, Kanban
Neon,9,01-09-2011,2011-3, Kanban
Neon,9,19-12-2011,2011-4, Kanban
Neon,9,03-08-2012,2012-3, Kanban
Neon,10,14-09-2010,2010-3, Kanban
Neon,10,23-08-2011,2011-3, Kanban
Neon,10,17-01-2012,2012-1, Kanban
Neon,11,09-08-2011,2011-3, Kanban
Neon,11,12-09-2011,2011-3, Kanban
Neon,11,25-08-2012,2012-3, Kanban
Neon,12,23-11-2010,2010-4, Kanban
Neon,12,03-10-2011,2011-4, Kanban
Neon,12,20-12-2011,2011-4, Kanban
Neon,12,19-01-2012,2012-1, Kanban
Neon,13,05-10-2010,2010-4, Kanban
Neon,14,17-03-2011,2011-1, Kanban
Neon,14,27-10-2011,2011-4, Kanban
Neon,14,06-08-2012,2012-3, Kanban
Neon,14,16-07-2012,2012-3, Kanban
Neon,15,22-11-2010,2010-4, Kanban
Neon,15,21-05-2012,2012-2, Kanban
Neon,16,06-02-2012,2012-1, Kanban
Neon,16,29-09-2010,2010-3, Kanban
Neon,16,03-02-2011,2011-1, Kanban
Neon,16,02-12-2011,2011-4, Kanban
Neon,16,22-10-2012,2012-4, Kanban
Neon,17,07-10-2010,2010-4, Kanban
Neon,17,14-11-2011,2011-4, Kanban
Neon,17,15-03-2012,2012-1, Kanban
Neon,18,30-08-2011,2011-3, Kanban
Neon,19,16-03-2011,2011-1, Kanban
Neon,19,30-06-2011,2011-2, Kanban
Neon,19,26-05-2012,2012-2, Kanban
Neon,19,23-08-2012,2012-3, Kanban
Neon,19,16-11-2012,2012-4, Kanban
Neon,20,03-03-2012,2012-1, Kanban
Neon,21,19-05-2011,2011-2, Kanban
Neon,22,16-10-2010,2010-4, Kanban
Neon,22,03-01-2013,2013-1, Kanban
Neon,24,24-03-2011,2011-1, Kanban
Neon,24,11-01-2012,2012-1, Kanban
Neon,26,03-10-2012,2012-4, Kanban
Neon,29,30-01-2011,2011-1, Kanban
Neon,29,28-03-2011,2011-1, Kanban
Neon,31,29-03-2012,2012-1, Kanban
Neon,32,11-07-2011,2011-3, Kanban
Neon,32,30-09-2011,2011-3, Kanban
Neon,32,24-10-2011,2011-4, Kanban
Neon,34,10-10-2010,2010-4, Kanban
Neon,34,12-05-2012,2012-2, Kanban
Neon,36,07-07-2011,2011-3, Kanban
Neon,37,02-02-2011,2011-1, Kanban
Neon,38,30-01-2012,2012-1, Kanban
Neon,41,28-10-2010,2010-4, Kanban
Neon,41,21-03-2012,2012-1, Kanban
Neon,42,21-11-2010,2010-4, Kanban
Neon,42,13-05-2011,2011-2, Kanban
Neon,43,01-02-2011,2011-1, Kanban
Neon,43,04-10-2011,2011-4, Kanban
Neon,44,15-11-2011,2011-4, Kanban
Neon,44,20-08-2012,2012-3, Kanban
Neon,45,17-08-2012,2012-3, Kanban
Neon,47,28-09-2010,2010-3, Kanban
Neon,47,10-10-2011,2011-4, Kanban
Neon,48,17-09-2010,2010-3, Kanban
Neon,48,13-09-2011,2011-3, Kanban
Neon,49,07-02-2011,2011-1, Kanban
Neon,49,10-05-2011,2011-2, Kanban
Neon,49,23-02-2012,2012-1, Kanban
Neon,49,05-10-2011,2011-4, Kanban
Neon,50,26-05-2011,2011-2, Kanban
Neon,50,04-05-2012,2012-2, Kanban
Neon,52,29-03-2011,2011-1, Kanban
Neon,53,25-11-2011,2011-4, Kanban
Neon,54,13-10-2010,2010-4, Kanban
Neon,54,06-07-2011,2011-3, Kanban
Neon,54,19-01-2011,2011-1, Kanban
Neon,54,04-08-2011,2011-3, Kanban
Neon,54,21-10-2011,2011-4, Kanban
Neon,55,15-10-2010,2010-4, Kanban
Neon,55,23-12-2010,2010-4, Kanban
Neon,57,28-09-2011,2011-3, Kanban
Neon,58,16-06-2011,2011-2, Kanban
Neon,58,17-08-2011,2011-3, Kanban
Neon,59,14-09-2012,2012-3, Kanban
Neon,60,31-01-2011,2011-1, Kanban
Neon,61,26-08-2011,2011-3, Kanban
Neon,61,11-05-2012,2012-2, Kanban
Neon,62,20-05-2011,2011-2, Kanban
Neon,63,06-09-2011,2011-3, Kanban
Neon,63,18-02-2012,2012-1, Kanban
Neon,63,06-09-2012,2012-3, Kanban
Neon,64,27-09-2012,2012-3, Kanban
Neon,64,04-10-2012,2012-4, Kanban
Neon,65,23-10-2011,2011-4, Kanban
Neon,65,20-02-2012,2012-1, Kanban
Neon,65,27-07-2012,2012-3, Kanban
Neon,66,04-11-2011,2011-4, Kanban
Neon,68,13-06-2012,2012-2, Kanban
Neon,69,07-08-2012,2012-3, Kanban
Neon,72,18-01-2012,2012-1, Kanban
Neon,75,07-10-2011,2011-4, Kanban
Neon,78,17-11-2010,2010-4, Kanban
Neon,78,21-09-2012,2012-3, Kanban
Neon,78,20-11-2012,2012-4, Kanban
Neon,79,13-01-2012,2012-1, Kanban
Neon,80,29-09-2011,2011-3, Kanban
Neon,80,26-09-2012,2012-3, Kanban
Neon,81,04-01-2011,2011-1, Kanban
Neon,82,08-12-2010,2010-4, Kanban
Neon,82,25-05-2011,2011-2, Kanban
Neon,84,28-05-2012,2012-2, Kanban
Neon,85,08-11-2011,2011-4, Kanban
Neon,86,21-09-2011,2011-3, Kanban
Neon,88,21-07-2012,2012-3, Kanban
Neon,90,01-10-2012,2012-4, Kanban
Neon,93,23-04-2012,2012-2, Kanban
Neon,95,28-11-2011,2011-4, Kanban
Neon,99,14-08-2012,2012-3, Kanban
Neon,102,27-09-2011,2011-3, Kanban
Neon,103,24-04-2012,2012-2, Kanban
Neon,103,05-12-2012,2012-4, Kanban
Neon,104,21-06-2011,2011-2, Kanban
Neon,108,16-09-2010,2010-3, Kanban
Neon,108,10-01-2011,2011-1, Kanban
Neon,110,25-06-2012,2012-2, Kanban
Neon,113,10-09-2012,2012-3, Kanban
Neon,113,07-12-2012,2012-4, Kanban
Neon,114,16-11-2011,2011-4, Kanban
Neon,114,16-05-2012,2012-2, Kanban
Neon,114,14-07-2012,2012-3, Kanban
Neon,114,15-11-2012,2012-4, Kanban
Neon,117,30-03-2011,2011-1, Kanban
Neon,119,23-02-2011,2011-1, Kanban
Neon,121,27-10-2010,2010-4, Kanban
Neon,124,17-06-2011,2011-2, Kanban
Neon,125,03-01-2011,2011-1, Kanban
Neon,127,11-11-2011,2011-4, Kanban
Neon,128,22-09-2010,2010-3, Kanban
Neon,129,30-11-2010,2010-4, Kanban
Neon,130,11-02-2011,2011-1, Kanban
Neon,131,28-11-2012,2012-4, Kanban
Neon,132,04-04-2012,2012-2, Kanban
Neon,132,19-08-2012,2012-3, Kanban
Neon,133,07-03-2012,2012-1, Kanban
Neon,134,14-09-2011,2011-3, Kanban
Neon,134,30-03-2012,2012-1, Kanban
Neon,141,18-01-2011,2011-1, Kanban
Neon,141,29-11-2011,2011-4, Kanban
Neon,143,25-09-2012,2012-3, Kanban
Neon,143,11-01-2013,2013-1, Kanban
Neon,147,10-08-2012,2012-3, Kanban
Neon,147,27-11-2012,2012-4, Kanban
Neon,148,09-03-2012,2012-1, Kanban
Neon,152,08-04-2011,2011-2, Kanban
Neon,152,09-08-2012,2012-3, Kanban
Neon,153,28-12-2010,2010-4, Kanban
Neon,155,06-10-2010,2010-4, Kanban
Neon,156,02-06-2011,2011-2, Kanban
Neon,157,01-04-2011,2011-2, Kanban
Neon,163,02-01-2013,2013-1, Kanban
Neon,165,02-08-2011,2011-3, Kanban
Neon,168,18-08-2012,2012-3, Kanban
Neon,170,21-02-2012,2012-1, Kanban
Neon,170,19-10-2011,2011-4, Kanban
Neon,175,05-06-2012,2012-2, Kanban
Neon,177,16-02-2012,2012-1, Kanban
Neon,181,30-09-2010,2010-3, Kanban
Neon,182,11-02-2012,2012-1, Kanban
Neon,185,25-10-2012,2012-4, Kanban
Neon,186,02-12-2010,2010-4, Kanban
Neon,186,05-04-2012,2012-2, Kanban
Neon,188,27-08-2012,2012-3, Kanban
Neon,190,09-01-2012,2012-1, Kanban
Neon,190,11-09-2012,2012-3, Kanban
Neon,193,18-09-2010,2010-3, Kanban
Neon,200,09-02-2011,2011-1, Kanban
Neon,200,20-01-2011,2011-1, Kanban
Neon,204,29-11-2012,2012-4, Kanban
Neon,210,10-03-2011,2011-1, Kanban
Neon,213,25-04-2012,2012-2, Kanban
Neon,218,17-01-2011,2011-1, Kanban
Neon,219,08-10-2010,2010-4, Kanban
Neon,220,20-10-2010,2010-4, Kanban
Neon,222,21-02-2011,2011-1, Kanban
Neon,226,22-02-2011,2011-1, Kanban
Neon,231,16-05-2011,2011-2, Kanban
Neon,234,27-03-2012,2012-1, Kanban
Neon,237,17-02-2012,2012-1, Kanban
Neon,239,14-02-2011,2011-1, Kanban
Neon,239,02-01-2012,2012-1, Kanban
Neon,241,18-10-2011,2011-4, Kanban
Neon,242,18-11-2010,2010-4, Kanban
Neon,244,18-07-2012,2012-3, Kanban
Neon,245,19-07-2011,2011-3, Kanban
Neon,248,16-08-2012,2012-3, Kanban
Neon,249,08-05-2012,2012-2, Kanban
Neon,251,10-01-2012,2012-1, Kanban
Neon,251,29-09-2012,2012-3, Kanban
Neon,252,03-06-2011,2011-2, Kanban
Neon,252,09-05-2012,2012-2, Kanban
Neon,254,25-02-2012,2012-1, Kanban
Neon,257,25-05-2012,2012-2, Kanban
Neon,258,26-10-2011,2011-4, Kanban
Neon,261,27-05-2011,2011-2, Kanban
Neon,268,28-08-2012,2012-3, Kanban
Neon,274,17-11-2011,2011-4, Kanban
Neon,276,09-05-2011,2011-2, Kanban
Neon,276,01-07-2011,2011-3, Kanban
Neon,278,26-11-2012,2012-4, Kanban
Neon,286,24-05-2011,2011-2, Kanban
Neon,289,28-02-2012,2012-1, Kanban
Neon,289,15-02-2011,2011-1, Kanban
Neon,289,04-06-2012,2012-2, Kanban
Neon,295,15-10-2011,2011-4, Kanban
Neon,302,14-10-2010,2010-4, Kanban
Neon,302,30-10-2012,2012-4, Kanban
Neon,306,23-07-2012,2012-3, Kanban
Neon,311,08-06-2012,2012-2, Kanban
Neon,313,09-07-2012,2012-3, Kanban
Neon,314,07-06-2011,2011-2, Kanban
Neon,321,25-10-2011,2011-4, Kanban
Neon,322,23-11-2011,2011-4, Kanban
Neon,322,07-09-2012,2012-3, Kanban
Neon,329,04-09-2012,2012-3, Kanban
Neon,332,06-03-2012,2012-1, Kanban
Neon,344,21-08-2012,2012-3, Kanban
Neon,348,26-10-2012,2012-4, Kanban
Neon,352,17-02-2011,2011-1, Kanban
Neon,352,02-03-2012,2012-1, Kanban
Neon,354,19-11-2012,2012-4, Kanban
Neon,355,11-05-2011,2011-2, Kanban
Neon,357,20-03-2012,2012-1, Kanban
Neon,359,21-03-2011,2011-1, Kanban
Neon,360,25-10-2010,2010-4, Kanban
Neon,361,10-05-2012,2012-2, Kanban
Neon,380,06-06-2012,2012-2, Kanban
Neon,386,08-06-2011,2011-2, Kanban
Neon,390,02-06-2012,2012-2, Kanban
Neon,392,22-09-2011,2011-3, Kanban
Neon,394,17-10-2011,2011-4, Kanban
Neon,394,13-12-2011,2011-4, Kanban
Neon,407,14-01-2011,2011-1, Kanban
Neon,419,13-07-2011,2011-3, Kanban
Neon,419,10-02-2012,2012-1, Kanban
Neon,420,12-06-2012,2012-2, Kanban
Neon,423,16-12-2010,2010-4, Kanban
Neon,428,01-10-2010,2010-4, Kanban
Neon,433,24-09-2012,2012-3, Kanban
Neon,442,31-08-2011,2011-3, Kanban
Neon,448,12-07-2012,2012-3, Kanban
Neon,459,31-10-2012,2012-4, Kanban
Neon,469,25-07-2012,2012-3, Kanban
Neon,469,13-10-2011,2011-4, Kanban
Neon,481,28-09-2012,2012-3, Kanban
Neon,488,29-02-2012,2012-1, Kanban
Neon,493,08-12-2011,2011-4, Kanban
Neon,496,26-03-2012,2012-1, Kanban
Neon,507,04-12-2012,2012-4, Kanban
Neon,529,08-07-2011,2011-3, Kanban
Neon,534,16-01-2012,2012-1, Kanban
Neon,534,14-02-2012,2012-1, Kanban
Neon,539,28-03-2012,2012-1, Kanban
Neon,543,12-12-2011,2011-4, Kanban
Neon,545,07-02-2012,2012-1, Kanban
Neon,547,15-05-2012,2012-2, Kanban
Neon,550,20-06-2011,2011-2, Kanban
Neon,553,24-07-2012,2012-3, Kanban
Neon,563,19-04-2012,2012-2, Kanban
Neon,563,03-12-2012,2012-4, Kanban
Neon,575,29-06-2011,2011-2, Kanban
Neon,583,07-01-2011,2011-1, Kanban
Neon,601,24-11-2010,2010-4, Kanban
Neon,608,20-07-2012,2012-3, Kanban
Neon,618,01-03-2011,2011-1, Kanban
Neon,622,22-08-2011,2011-3, Kanban
Neon,631,31-03-2011,2011-1, Kanban
Neon,641,20-09-2010,2010-3, Kanban
Neon,643,10-11-2011,2011-4, Kanban
Neon,650,11-12-2012,2012-4, Kanban
Neon,665,03-08-2011,2011-3, Kanban
Neon,671,13-09-2012,2012-3, Kanban
Neon,672,08-02-2012,2012-1, Kanban
Neon,676,31-05-2011,2011-2, Kanban
Neon,685,30-08-2012,2012-3, Kanban
Neon,716,29-10-2012,2012-4, Kanban
Neon,738,23-10-2012,2012-4, Kanban
Neon,765,11-01-2011,2011-1, Kanban
Neon,808,12-09-2012,2012-3, Kanban
Neon,841,03-03-2011,2011-1, Kanban
Neon,855,15-02-2012,2012-1, Kanban
Neon,858,27-06-2011,2011-2, Kanban
Neon,875,11-10-2011,2011-4, Kanban
Neon,875,01-12-2012,2012-4, Kanban
Neon,875,08-12-2012,2012-4, Kanban
Neon,877,05-10-2012,2012-4, Kanban
Neon,886,13-07-2012,2012-3, Kanban
Neon,921,09-02-2012,2012-1, Kanban
Neon,936,10-06-2012,2012-2, Kanban
Neon,937,02-11-2010,2010-4, Kanban
Neon,947,17-07-2012,2012-3, Kanban
